id,team_id,team,first_name,last_name,position,archetype,age,prime_age,year,city,high_school,state,country,stars,height,weight,overall,inside_shooting,mid_range_shooting,three_point_shooting,free_throw,agility,ballwork,rebounding,stealing,blocking,interior_defense,perimeter_defense,potential,potential_grade,pro_potential_grade,stamina,discipline,injury_rating,playtime_expectations,spec_inside_shooting,spec_mid_range_shooting,spec_three_point_shooting,spec_free_throw,spec_agility,spec_ballwork,spec_rebounding,spec_stealing,spec_blocking,spec_interior_defense,spec_perimeter_defense,spec_count,is_injured,injury_name,injury_type,weeks_of_recovery,injury_reserve,personality,free_agency,recruiting_bias,recruiting_bias_value,work_ethic,academic_bias,previous_team_id,previous_team,relative_id,relative_type,notes,college_id,college,draft_pick_id,drafted_round,draft_pick,drafted_team_id,drafted_team,is_nba,max_requested,is_super_max_qualified,is_free_agent,is_g_league,is_two_way,is_waived,is_on_trade_block,is_first_team_anba,is_dpoy,is_mvp,is_international,is_int_generated,is_int_declared,is_retiring,is_accepting_offers,is_negotiating,minimum_value,signing_round,negotiation_round,rejections,has_progressed,player_id,created_at,updated_at,deleted_at,program_pref,prof_dev_pref,traditions_pref,facilities_pref,atmosphere_pref,academics_pref,conference_pref,coach_pref,season_momentum_pref,campus_life_pref,is_injury_reserve,basketball_iq,spec_basketball_iq
6959,1,ATL,Jalen,Williams,G,"Point Guard",21,0,0,Sammamish,Skyline,WA,USA,5,75,182,23,30,25,20,19,21,25,20,22,24,25,25,57,A-,57,38,1,1,0,0,1,1,0,0,0,0,0,0,1,0,3,0,,,0,0,Outgoing,Adversarial,"Prefers to play for a specific coach",,"Working-Class mentality","Loves Learning",0,,0,0,,200,GONZ,0,0,0,0,,1,0,0,0,1,0,0,0,0,0,0,1,0,0,0,0,0,0.7,7,2,0,0,6959,"2026-09-01 19:47:22.730","2026-09-23 10:43:46.526",NULL,0,0,0,0,0,0,0,0,0,0,0,23,0
563,1,ATL,Terence,Wilson,F,"Power Forward",23,0,0,Albuquerque,Eldorado,NM,USA,4,78,223,23,23,25,17,22,22,19,26,26,26,30,25,73,A+,98,48,1,1,0,0,1,1,1,0,0,0,1,1,1,1,7,0,,,0,0,Jokester,Average,Average,,Average,"Naturally book smart",0,,0,0,,5,ZONA,0,0,0,0,,1,0,0,0,1,0,0,0,0,0,0,1,0,0,0,0,0,0.7,7,4,0,0,563,"2026-09-01 19:39:26.644","2026-09-23 10:45:08.576",NULL,0,0,0,0,0,0,0,0,0,0,0,26,1
1848,1,ATL,James,Dominy,G,"Combo Guard",25,29,2,,,,Russia,2,71,207,24,16,22,23,23,23,30,17,31,26,27,33,85,A+,92,40,1,1,13,0,0,0,0,0,1,0,1,0,1,1,4,0,,,0,0,Average,Average,"Prefers to play for an up-and-coming team",,Average,Average,0,,0,0,,112,CONN,0,0,0,0,,1,0,0,0,1,0,0,0,0,0,0,1,0,0,0,0,0,10,7,6,0,0,1848,"2026-03-11 14:25:37.165","2026-09-23 10:44:02.315",NULL,0,0,0,0,0,0,0,0,0,0,0,23,0
3151,1,"Atlanta Hawks",Larry,Jenkins,G,"Combo Guard",31,29,9,,,,"Puerto Rico",0,74,201,42,36,37,50,40,41,44,43,44,41,43,48,81,A,81,42,47,58,17,0,0,1,0,1,0,0,1,0,0,0,3,0,,,0,0,Irrational,Average,,,Average,,0,,0,0,,68,NEV,0,0,0,146,ATL,1,1,1,0,0,0,0,0,0,1,0,0,0,0,0,0,0,46.5,4,3,0,0,3151,"2026-03-11 14:25:39.098","2026-07-30 19:19:18.363",NULL,0,0,0,0,0,0,0,0,0,0,0,43,0
597,1,"Atlanta Hawks",Roger,Evans,F,"Power Forward",25,28,3,,,,Russia,4,79,233,24,30,14,15,15,19,19,34,27,33,31,32,94,A,79,34,42,73,9,0,0,0,0,0,0,0,0,1,0,0,1,0,,,0,0,Impatient,Average,Average,,Average,Average,0,,0,0,,8,ARST,0,0,0,0,,1,0,0,0,0,0,0,0,0,0,0,0,0,0,0,0,0,10,5,4,0,0,597,"2026-03-11 14:25:35.298","2026-07-30 19:12:50.984",NULL,0,0,0,0,0,0,0,0,0,0,0,25,0
1366,1,"Atlanta Hawks",Samir,Yokoyama,G,All-Around,26,30,3,,,,Cambodia,2,75,211,28,21,31,31,31,27,29,15,33,25,22,43,68,A+,90,43,32,68,13,1,0,0,1,0,1,1,1,0,1,1,7,0,,,0,0,Tough,"Money motivated",Average,,"Streams too much","Never Studies",0,,0,0,,72,UNT,0,0,0,0,,1,0,0,0,0,0,0,0,0,0,0,0,0,0,0,0,0,10,4,3,0,0,1366,"2026-03-11 14:25:36.540","2026-07-30 19:15:27.075",NULL,0,0,0,0,0,0,0,0,0,0,0,24,1
7013,1,ATL,Zhang,Lu,C,"Post Scorer",20,31,0,,,,China,4,85,248,21,11,27,25,27,18,20,27,20,25,19,21,88,A+,52,36,53,73,7,0,1,1,1,1,1,1,0,0,0,1,7,0,,,0,0,Reserved,Average,Average,,Complacent,Average,0,,0,0,,54,"Jilin Northeast Tigers",0,0,0,0,,1,0,0,0,1,0,0,0,0,0,0,1,1,1,0,0,0,0.7,7,4,0,0,7013,"2026-03-11 14:25:42.819","2026-09-23 10:44:29.826",NULL,0,0,0,0,0,0,0,0,0,0,0,21,0
3186,1,"Atlanta Hawks",Edgar,Washington,C,"Stretch Center",35,30,13,,,,Panama,0,81,278,40,39,38,40,27,42,40,40,43,44,42,47,67,B,67,37,53,73,10,0,0,0,0,0,0,1,1,1,1,0,4,0,,,0,0,Average,"Wants extensions",,,Average,,4,CHA,0,0,,112,CONN,0,0,0,148,CHA,1,0,0,0,0,0,0,0,0,0,0,0,0,0,0,0,0,20,4,3,0,0,3186,"2026-03-11 14:25:39.098","2026-07-30 19:19:25.106",NULL,0,0,0,0,0,0,0,0,0,0,0,42,0
3448,1,ATL,Justin,Cox,C,"Rim Protector",33,30,11,,,,Mexico,0,82,247,32,34,36,35,36,31,32,24,33,29,27,45,76,A-,76,39,73,27,19,0,0,0,0,0,0,1,0,1,0,1,3,0,,,0,0,Average,Average,,,"Skips Leg Day",,0,,0,0,,122,VT,0,0,0,152,DET,1,0,0,0,0,0,0,0,0,0,0,1,0,0,1,0,0,2.5,6,5,0,0,3448,"2026-03-11 14:25:39.715","2026-09-21 16:00:20.633",NULL,0,0,0,0,0,0,0,0,0,0,0,37,0
3202,1,ATL,Elmer,Barton,F,"Point Forward",33,30,11,,,,Vietnam,0,79,239,39,38,42,39,36,39,37,37,39,40,36,47,48,C,48,36,58,63,17,0,0,0,0,0,0,0,0,0,0,0,0,0,,,0,0,Average,Average,,,Persistant,,23,"Philadelphia 76ers",0,0,,7,ARK,0,0,0,166,PHI,1,0,0,0,0,0,0,0,0,0,0,0,0,0,0,0,0,20,5,4,0,0,3202,"2026-03-11 14:25:39.098","2026-07-30 19:19:28.043",NULL,0,0,0,0,0,0,0,0,0,0,0,41,0
388,1,"Atlanta Hawks",Cruz,Nunes,G,All-Around,25,26,2,,,,Croatia,3,74,211,28,10,31,42,34,33,41,16,29,24,29,19,87,B-,48,41,1,1,17,0,1,1,1,0,1,1,0,0,1,1,7,0,,,0,0,Average,Average,Average,,"Footwork king",Average,0,,0,0,,140,DPU,0,2,43,1,"Atlanta Hawks",1,0,0,0,0,0,0,0,0,0,0,0,0,0,0,1,0,10,5,4,0,0,388,"2026-03-11 14:25:35.298","2026-07-30 19:12:23.748",NULL,0,0,0,0,0,0,0,0,0,0,0,25,0
1942,1,"Atlanta Hawks",Christopher,Hoang,G,"Point Guard",24,0,0,Fargo,"Fargo Davies",ND,USA,2,75,197,23,13,26,40,36,26,24,10,19,14,11,27,88,A-,59,42,1,1,0,0,0,1,1,0,1,0,0,0,0,1,4,0,,,0,0,Average,"Hates Cleveland",Average,,Average,"Sits at the back of the class",0,,0,0,,119,UTST,219,1,26,1,"Atlanta Hawks",1,0,0,0,0,0,0,0,0,0,0,0,0,0,0,0,0,0,0,0,0,0,1942,"2026-09-01 19:38:25.247","2026-09-01 19:38:25.247",NULL,0,0,0,0,0,0,0,0,0,0,0,28,0
1194,1,"Atlanta Hawks",Roger,Kimbro,F,"Power Forward",25,28,3,Augusta,"Augusta Christian",GA,USA,4,80,234,30,35,38,35,39,35,26,35,23,23,27,17,98,D+,22,46,58,63,8,0,1,1,1,0,0,1,0,1,1,0,6,0,,,0,0,Average,Average,"Prefers to play for a national championship contender",,Average,Average,0,,0,0,,58,MIAO,66,2,66,1,"Atlanta Hawks",1,1,0,0,0,0,0,0,0,0,0,0,0,0,0,1,0,31,4,3,0,0,1194,"2026-03-11 14:25:36.540","2026-07-30 19:14:51.493",NULL,0,0,0,0,0,0,0,0,0,0,0,29,0
192,1,ATL,Jimmie,Coleman,G,"Combo Guard",25,28,2,Enterprise,Enterprise,UT,USA,3,76,197,25,20,29,32,32,27,21,17,25,23,26,21,72,C+,50,46,1,1,9,0,1,0,1,0,0,1,0,0,1,0,4,0,,,0,0,Average,Average,Average,,"Trolls on Discord",Average,0,,0,0,,44,KANS,0,0,0,0,,1,0,0,0,1,0,0,0,0,0,0,1,0,0,0,0,0,10,5,4,0,0,192,"2026-03-11 14:25:34.683","2026-09-23 10:44:04.564",NULL,0,0,0,0,0,0,0,0,0,0,0,25,0
1728,1,"Atlanta Hawks",Jimmy,Mitchell,F,All-Around,24,26,1,Washington,Dunbar,DC,USA,3,78,240,26,23,16,12,27,17,19,26,33,34,47,33,92,A,75,46,1,1,0,1,1,1,1,0,1,0,0,0,1,1,7,0,,,0,0,Average,"Money motivated",Average,,Average,"Less likely to get academic probation",0,,0,0,,102,TAMU,0,1,27,1,"Atlanta Hawks",1,0,0,0,0,0,0,0,0,0,0,0,0,0,0,0,0,20,0,0,0,0,1728,"2026-03-11 14:25:37.165","2026-07-30 19:16:40.194",NULL,0,0,0,0,0,0,0,0,0,0,0,28,1
1482,1,"Atlanta Hawks",Robert,Philby,G,"Shooting Guard",26,28,3,,,,Austria,4,70,205,31,31,38,50,23,36,30,27,27,28,23,25,96,A+,94,33,27,63,22,1,1,1,0,0,0,0,0,1,0,0,4,0,,,0,0,Abrasive,Average,Average,,"Film Room Genius",Average,0,,0,0,,81,MISS,6,1,6,1,"Atlanta Hawks",1,0,0,0,0,0,0,0,0,0,0,0,0,0,0,0,0,20,7,6,0,0,1482,"2026-03-11 14:25:36.540","2026-07-30 19:15:50.509",NULL,0,0,0,0,0,0,0,0,0,0,0,37,0
2022,1,"Atlanta Hawks",Dustin,Summerford,F,"Power Forward",26,30,3,Albuquerque,"La Cueva",NM,USA,4,77,237,26,28,41,12,42,24,24,32,22,24,20,25,84,A+,98,39,58,68,21,0,1,0,0,0,0,0,1,0,1,1,4,0,,,0,0,Average,Average,Average,,Average,Average,0,,0,0,,127,WKU,0,0,0,0,,1,0,0,0,0,0,0,0,0,0,0,0,0,0,0,0,0,20,6,5,0,0,2022,"2026-03-11 14:25:38.274","2026-07-30 19:17:38.377",NULL,0,0,0,0,0,0,0,0,0,0,0,24,0
2038,1,"Atlanta Hawks",Michael,Howard,C,"Rim Protector",24,29,3,Spokane,Mead,WA,USA,4,82,237,28,38,23,28,22,28,26,21,31,31,30,33,96,C+,44,40,58,53,10,0,0,0,0,0,0,0,0,0,0,0,0,0,,,0,0,Average,Average,Average,,"Center of Attention","Never Studies",0,,0,0,,128,WMU,29,1,29,1,"Atlanta Hawks",1,0,0,0,0,0,0,0,0,0,0,0,0,0,0,0,0,20,6,5,0,0,2038,"2026-03-11 14:25:38.274","2026-07-30 19:17:41.364",NULL,0,0,0,0,0,0,0,0,0,0,0,34,0
9725,1,"Atlanta Hawks",Felipe,Mireles,C,"Stretch Center",22,31,2,,,,Argentina,4,83,256,21,31,21,20,9,22,22,22,21,25,32,16,41,D+,41,35,42,47,9,1,0,1,0,0,1,0,0,1,1,1,6,0,,,0,0,Average,"Drafted team discount",Average,,Average,Average,0,,0,0,,122,"CD Valdivia",186,2,59,1,"Atlanta Hawks",1,0,0,0,1,0,0,0,0,0,0,1,1,1,0,0,0,1.6,7,4,0,0,9725,"2026-03-11 14:25:48.111","2026-09-23 10:43:14.117",NULL,0,0,0,0,0,0,0,0,0,0,0,23,0
280,2,BKN,Randy,Parker,F,Swingman,26,29,3,Manor,Manor,TX,USA,3,80,260,24,27,39,25,30,22,9,22,19,22,29,22,78,A+,82,46,37,47,21,0,1,1,1,0,0,0,0,0,0,0,3,0,,,0,0,Average,Average,Average,,Average,Average,0,,0,0,,24,COLO,0,0,0,0,,1,0,0,0,0,0,0,0,0,0,0,1,0,0,0,0,0,1.7,4,3,0,0,280,"2026-03-11 14:25:34.683","2026-07-30 19:12:04.121",NULL,0,0,0,0,0,0,0,0,0,0,0,24,0
59,2,"Brooklyn Nets",Steven,Howard,C,"Rim Protector",26,30,3,"Jefferson Hills","Thomas Jefferson",PA,USA,4,84,246,30,30,18,27,15,23,22,50,31,39,31,37,87,B,61,48,84,53,15,0,0,0,0,1,0,1,0,0,1,1,4,0,,,0,0,Focused,Average,Average,,Average,Average,0,,0,0,,25,CSU,82,2,82,2,"Brooklyn Nets",1,1,0,0,0,0,0,0,0,0,0,0,0,0,0,1,0,31,5,4,0,0,59,"2026-03-11 14:25:34.683","2026-07-30 19:11:14.710",NULL,0,0,0,0,0,0,0,0,0,0,0,33,0
3140,2,"Brooklyn Nets",Dennis,Thomas,G,"Combo Guard",30,30,8,,,,Serbia,0,76,203,35,38,34,42,27,38,35,35,35,34,24,45,49,C,49,48,37,37,28,0,0,0,0,1,0,0,0,0,0,0,1,0,,,0,0,Tough,Average,,,"Streams too much",,0,,0,0,,63,MSST,0,0,0,147,BKN,1,0,0,0,0,0,0,0,0,0,0,0,0,0,0,0,0,20,5,4,0,0,3140,"2026-03-11 14:25:39.098","2026-07-30 19:19:15.734",NULL,0,0,0,0,0,0,0,0,0,0,0,38,0
3146,2,"Brooklyn Nets",Peter,Thompson,F,"Small Forward",30,26,8,,,,Lebanon,0,79,217,34,38,46,28,50,35,36,32,29,33,29,28,47,C,47,44,53,94,15,1,1,0,0,1,0,0,0,0,1,0,4,0,,,0,0,Average,Average,,,"Working-Class mentality",,19,NOP,0,0,,102,TAMU,0,0,0,162,NOP,1,0,0,0,0,0,0,0,0,0,0,0,0,0,0,0,0,20,4,3,0,0,3146,"2026-03-11 14:25:39.098","2026-07-30 19:19:16.889",NULL,0,0,0,0,0,0,0,0,0,0,0,40,0
1885,2,"Brooklyn Nets",Jeffrey,Clark,F,"Point Forward",26,26,3,,,,Philippines,2,78,227,25,29,28,36,31,24,12,29,19,28,33,22,89,C,38,47,47,58,21,0,0,1,0,0,0,0,0,0,1,0,2,0,,,0,0,Average,Average,"Prefers to play for a team where he can start immediately",,Average,Average,0,,0,0,,115,USC,41,2,41,2,"Brooklyn Nets",1,0,0,0,0,0,0,0,0,0,0,0,0,0,0,1,0,10,4,3,0,0,1885,"2026-03-11 14:25:37.165","2026-07-30 19:17:12.087",NULL,0,0,0,0,0,0,0,0,0,0,0,27,0
1897,2,BKN,Scott,Whittington,C,All-Around,26,26,3,,,,"United Kingdom",2,83,202,27,28,19,32,16,27,31,40,26,30,25,25,95,C,32,32,47,58,25,1,1,1,0,0,1,1,0,0,1,0,6,0,,,0,0,Disruptive,Average,Average,,"Working-Class mentality",Average,30,"Utah Jazz",0,0,,116,UTEP,0,0,0,0,,1,0,0,0,0,0,0,0,0,0,0,1,0,0,0,0,0,20,5,4,0,0,1897,"2026-03-11 14:25:38.274","2026-07-30 19:17:14.127",NULL,0,0,0,0,0,0,0,0,0,0,0,29,0
3184,2,"Brooklyn Nets",Saul,Hunter,G,"Shooting Guard",28,26,6,,,,England,0,75,197,31,35,27,35,29,31,29,34,31,31,34,35,66,B,66,48,47,58,16,0,0,0,0,0,0,0,1,0,0,0,1,0,,,0,0,Motivational,Average,,,"Working-Class mentality",,0,,0,0,,62,MINN,0,0,0,147,BKN,1,1,1,0,0,0,0,0,0,0,0,0,0,0,0,0,0,38.75,4,3,0,0,3184,"2026-03-11 14:25:39.098","2026-07-30 19:19:24.520",NULL,0,0,0,0,0,0,0,0,0,0,0,31,0
3193,2,BKN,Ronnie,Simmons,F,"Power Forward",30,29,8,,,,Azerbaijan,0,77,204,35,36,30,41,32,36,39,39,38,39,25,42,59,B-,59,48,53,37,25,0,0,1,0,1,1,0,1,1,1,1,7,0,,,0,0,Average,Market-driven,,,Average,,0,,0,0,,24,COLO,0,0,0,146,ATL,1,1,0,0,0,0,0,0,0,0,0,1,0,0,0,0,0,38.75,5,4,0,0,3193,"2026-03-11 14:25:39.098","2026-07-30 19:19:26.575",NULL,0,0,0,0,0,0,0,0,0,0,0,34,0
8855,2,"Brooklyn Nets",Javier,Ellis,F,Swingman,23,27,0,,,,Lebanon,2,77,241,22,11,9,39,39,17,19,18,23,22,26,24,98,A+,50,46,27,47,4,0,0,1,1,0,1,0,1,0,0,0,4,0,,,0,0,Irrational,Average,Average,,Complacent,"More likely to get academic probation",0,,0,0,,160,Tasmania,241,1,8,2,"Brooklyn Nets",1,0,0,0,0,0,0,0,0,0,0,0,1,1,0,0,0,0.7,7,3,0,0,8855,"2026-03-11 14:25:44.066","2026-09-01 19:38:09.866",NULL,0,0,0,0,0,0,0,0,0,0,0,28,0
176,2,BKN,Ali,Bunnell,G,"Point Guard",26,25,5,,,,Australia,0,73,208,29,24,30,34,23,31,37,23,31,27,26,32,45,C,45,45,53,63,16,0,0,0,0,0,0,0,1,1,0,0,2,0,,,0,0,Average,Average,,,Average,,31,"Vancouver Sea Lions",0,0,,52,LOU,0,0,0,175,VAN,1,0,0,0,0,0,0,0,0,0,0,0,0,0,0,0,0,20,4,3,0,0,176,"2026-03-11 14:25:34.683","2026-07-30 19:11:41.398",NULL,0,0,0,0,0,0,0,0,0,0,0,29,0
752,2,"Brooklyn Nets",William,Hallmark,F,"Power Forward",25,29,2,Mobile,"St. Paul's Episcopal",AL,USA,4,77,246,27,40,36,14,34,33,29,28,24,21,20,22,76,C,30,48,1,1,22,0,0,0,1,0,1,0,1,0,0,0,3,0,,,0,0,Average,Average,Average,,Average,"Skips classes often",0,,0,0,,20,CHAR,0,1,20,2,"Brooklyn Nets",1,0,0,0,0,0,0,0,0,0,0,0,0,0,0,0,0,20,7,6,0,0,752,"2026-03-11 14:25:35.298","2026-07-30 19:13:22.561",NULL,0,0,0,0,0,0,0,0,0,0,0,28,0
4,3,BOS,Roger,Turner,C,"Rim Protector",27,28,5,,,,Montenegro,0,81,238,31,34,23,35,15,26,19,39,32,39,40,41,65,B,65,45,68,42,25,0,1,1,0,1,0,0,0,0,0,0,3,0,,,0,0,Average,"Drafted team discount",,,Loud,,0,,0,0,,131,UMBC,0,0,0,151,DEN,1,0,0,0,0,0,0,0,0,0,0,1,0,0,0,0,0,20,7,6,0,0,4,"2026-03-11 14:25:34.683","2026-07-30 19:11:02.878",NULL,0,0,0,0,0,0,0,0,0,0,0,32,0
2310,3,"Boston Celtics",Chris,Be,F,Two-Way,26,26,3,Tifton,"Tift County",GA,USA,4,80,231,29,34,24,22,26,28,29,43,25,34,27,29,70,B-,60,45,27,58,20,1,0,0,0,0,1,1,0,0,1,0,4,0,,,0,0,Average,Average,Average,,Average,"Wants to finish degree",0,,0,0,,194,CREI,20,1,20,3,"Boston Celtics",1,1,0,0,0,0,0,0,0,0,0,0,0,0,0,0,0,31,7,6,0,0,2310,"2026-03-11 14:25:39.098","2026-07-30 19:18:34.104",NULL,0,0,0,0,0,0,0,0,0,0,0,32,0
9236,3,"Boston Celtics",Kiên,Hue,G,"Point Guard",24,32,2,,,,Vietnam,4,72,202,28,17,37,22,28,26,27,46,28,35,45,11,95,A+,77,48,37,27,3,0,1,0,1,1,1,1,0,0,1,0,6,0,,,0,0,Average,Average,"Prefers to be close to home",,"Focuses on Max Reps",Average,0,,0,0,,187,"Al Sadd",166,1,3,3,"Boston Celtics",1,0,0,0,0,0,0,0,0,0,0,1,1,1,0,0,0,20,7,6,0,0,9236,"2026-03-11 14:25:46.442","2026-07-30 19:31:22.255",NULL,0,0,0,0,0,0,0,0,0,0,0,34,0
1823,3,BOS,Joe,Haynes,G,Slasher,25,29,3,,,,USA,4,70,210,27,25,30,49,37,38,41,12,24,16,16,18,85,C+,35,44,58,68,19,0,0,1,0,1,1,0,1,0,0,0,4,0,,,0,0,Popular,Average,Open-Minded,,Average,Average,0,,0,0,,110,UCF,0,0,0,0,,1,0,0,0,0,0,0,0,0,0,0,1,0,0,0,0,0,10,4,3,0,0,1823,"2026-03-11 14:25:37.165","2026-07-30 19:16:59.479",NULL,0,0,0,0,0,0,0,0,0,0,0,32,0
42,3,"Boston Celtics",Walter,Cooper,F,"Point Forward",24,0,0,Washington,"Kingsman Academy",DC,USA,3,80,223,22,20,30,22,29,25,17,21,21,21,22,18,97,B+,54,37,1,1,0,0,0,0,0,1,0,0,0,1,0,0,2,0,,,0,0,Average,Average,"Prefers to play for a specific coach",,Average,Average,0,,0,0,,133,USD,230,1,19,3,"Boston Celtics",1,0,0,0,0,0,0,0,0,0,0,0,0,0,0,0,0,0,0,0,0,0,42,"2026-09-01 19:38:19.174","2026-09-01 19:38:19.174",NULL,0,0,0,0,0,0,0,0,0,0,0,26,0
559,3,"Boston Celtics",Kristofer,Sadler,C,"Rim Protector",24,30,2,Washington,"Archbishop Carroll",DC,USA,3,82,248,22,33,22,7,21,22,26,37,15,22,16,18,74,B-,56,35,1,1,17,1,1,0,0,0,1,1,0,1,0,0,5,0,,,0,0,Average,Average,Average,,Average,Average,0,,0,0,,5,ZONA,0,2,50,3,"Boston Celtics",1,0,0,0,0,0,0,0,0,0,0,0,0,0,0,1,0,20,4,3,0,0,559,"2026-03-11 14:25:35.298","2026-07-30 19:12:43.312",NULL,0,0,0,0,0,0,0,0,0,0,0,27,0
9031,3,"Boston Celtics",Eidvile,Urbonas,G,"Shooting Guard",24,26,2,,,,Lithuania,4,71,187,22,33,9,15,21,18,15,32,22,32,37,22,49,D+,42,46,63,58,5,1,0,0,1,0,0,1,0,0,1,1,5,0,,,0,0,Average,Average,Average,,"Footwork king",Average,0,,0,0,,126,"Fuerza Regia de Monterrey",199,2,38,3,"Boston Celtics",1,0,0,0,0,0,0,0,0,0,0,1,1,1,0,0,0,10,7,3,0,0,9031,"2026-03-11 14:25:45.117","2026-07-30 19:30:21.721",NULL,0,0,0,0,0,0,0,0,0,0,0,24,0
1870,3,BOS,Karl,Cheers,F,"Power Forward",26,26,3,"New Berlin","New Berlin Eisenhower",WI,USA,3,79,225,26,33,21,16,29,21,17,36,26,30,27,33,60,A+,86,41,42,37,20,0,0,0,1,0,0,1,1,0,1,1,5,0,,,0,0,Average,Average,Average,,Persistant,"Loves Learning",0,,0,0,,114,UNLV,48,2,48,21,"Oklahoma City Thunder",1,0,0,0,0,0,0,0,0,0,0,1,0,0,0,0,0,20,4,3,0,0,1870,"2026-03-11 14:25:37.165","2026-07-30 19:17:08.872",NULL,0,0,0,0,0,0,0,0,0,0,0,24,0
3419,3,BOS,Samuel,Evans,F,Two-Way,30,29,8,,,,Mexico,0,79,219,32,37,27,39,36,32,27,30,31,34,38,28,61,B-,61,47,32,42,14,0,0,0,1,1,0,0,0,0,0,0,2,0,,,0,0,Motivation,Average,,,Average,,0,,0,0,,123,WAKE,0,0,0,167,PHX,1,0,0,0,0,0,0,0,0,0,0,1,0,0,0,0,0,10,4,3,3,0,3419,"2026-03-11 14:25:39.715","2026-07-30 19:20:03.680",NULL,0,0,0,0,0,0,0,0,0,0,0,34,0
3185,3,"Boston Celtics",Lamont,Jacobsen,G,Slasher,32,29,10,,,,Syria,0,71,204,33,36,31,33,34,31,33,36,35,33,29,42,39,C-,39,41,53,58,18,0,0,0,1,0,0,0,0,0,0,0,1,0,,,0,0,Average,Average,,,Average,,3,BOS,0,0,,33,FRES,0,0,0,177,BOS,1,0,0,0,0,0,0,0,0,0,0,0,0,0,0,0,0,20,4,3,0,0,3185,"2026-03-11 14:25:39.098","2026-07-30 19:19:24.807",NULL,0,0,0,0,0,0,0,0,0,0,0,37,0
2438,3,BOS,Andrew,Neal,G,"Shooting Guard",26,27,3,Champlin,"Champlin Park",MN,USA,3,70,206,27,27,29,42,27,38,47,17,24,15,13,14,97,D-,21,39,63,37,17,0,0,1,0,0,1,0,0,0,1,0,3,0,,,0,0,Reliable,Average,Average,,Quiet,Average,0,,0,0,,204,SF,0,0,0,0,,1,0,0,0,0,0,0,0,0,0,0,0,0,0,0,0,0,20,7,6,0,0,2438,"2026-03-11 14:25:39.098","2026-07-30 19:18:59.908",NULL,0,0,0,0,0,0,0,0,0,0,0,35,1
2440,3,BOS,Donald,Filson,C,"Rim Protector",26,27,3,McPherson,McPherson,KS,USA,4,85,247,24,33,26,15,21,18,14,31,23,28,28,32,70,A-,74,44,37,47,23,0,0,0,0,0,0,0,0,1,1,0,2,0,,,0,0,Average,Average,Average,,Average,Average,17,"Milwaukee Bucks",0,0,,204,SF,0,0,0,0,,1,0,0,0,0,0,0,0,0,0,0,0,0,0,0,0,0,10,5,4,0,0,2440,"2026-03-11 14:25:39.098","2026-07-30 19:19:00.477",NULL,0,0,0,0,0,0,0,0,0,0,0,20,0
2192,3,BOS,Randall,Howard,G,"Combo Guard",26,26,3,Columbia,Hammond,SC,USA,3,76,198,26,18,33,26,29,26,42,17,28,21,20,27,66,B-,46,40,53,47,14,0,0,1,0,0,1,1,0,1,0,1,5,0,,,0,0,Average,Average,"Is going to school mainly for academics",,Quiet,Average,0,,0,0,,185,GMU,0,0,0,0,,1,0,0,0,0,0,0,0,0,0,0,0,0,0,0,0,0,10,5,4,0,0,2192,"2026-03-11 14:25:38.274","2026-07-30 19:18:09.876",NULL,0,0,0,0,0,0,0,0,0,0,0,32,0
3226,3,BOS,Christopher,Long,F,"Point Forward",28,27,6,,,,France,0,79,234,29,26,32,30,35,29,30,31,24,28,25,28,51,C+,51,45,68,63,26,0,1,0,1,1,0,0,0,0,0,0,3,0,,,0,0,Average,Loyal,,,Lazy,,0,,0,0,,15,BGSU,0,0,0,166,PHI,1,0,0,0,0,0,0,0,0,0,0,0,0,0,0,0,0,10,5,4,0,0,3226,"2026-03-11 14:25:39.098","2026-07-30 19:19:33.050",NULL,0,0,0,0,0,0,0,0,0,0,0,28,0
1221,3,"Boston Celtics",Roberto,Pastella,F,Two-Way,25,25,2,,,,Germany,4,79,232,24,33,27,27,27,32,27,21,21,22,15,21,67,A,71,41,1,1,24,0,1,1,1,1,1,0,1,0,0,0,6,0,,,0,0,Average,"Hates Cleveland","Prefers to play for a national championship contender",,Average,Average,0,,0,0,,60,MIST,0,1,18,3,"Boston Celtics",1,0,0,0,0,0,0,0,0,0,0,0,0,0,0,0,0,10,4,3,0,0,1221,"2026-03-11 14:25:36.540","2026-07-30 19:14:57.616",NULL,0,0,0,0,0,0,0,0,0,0,0,25,0
3291,3,BOS,Brad,Ryan,C,"Post Scorer",31,29,9,,,,"South Korea",0,81,262,32,37,39,29,36,31,22,32,29,33,38,31,47,C,47,43,58,27,18,1,0,0,0,0,0,0,0,1,1,0,3,0,,,0,0,Average,Average,,,Average,,2,BKN,0,0,,88,RUTG,0,0,0,147,BKN,1,0,0,0,0,0,0,0,0,0,0,1,0,0,0,0,0,10,7,6,0,0,3291,"2026-03-11 14:25:39.715","2026-09-19 16:00:21.980",NULL,0,0,0,0,0,0,0,0,0,0,0,29,0
517,4,"Charlotte Hornets",Bruce,Hajjar,C,"Post Scorer",25,27,3,"Las Vegas",Durango,NV,USA,3,85,246,27,27,21,21,22,20,26,30,32,33,39,29,87,D-,19,38,53,42,21,0,0,0,0,1,0,0,0,1,0,0,2,0,,,0,0,Average,Average,Open-Minded,,Average,Average,0,,0,0,,2,AKRN,0,0,0,0,,1,0,0,0,0,0,0,0,0,0,0,0,0,0,0,0,0,20,7,6,0,0,517,"2026-03-11 14:25:35.298","2026-07-30 19:12:34.411",NULL,0,0,0,0,0,0,0,0,0,0,0,30,0
3349,4,"Charlotte Hornets",Fredrick,Mccoy,G,"Point Guard",29,28,7,,,,Mexico,0,74,196,30,32,35,20,34,27,29,37,29,36,32,33,67,B,67,44,68,37,23,0,0,0,0,1,0,0,0,0,0,0,1,0,,,0,0,Average,Average,,,Average,,0,,0,0,,89,SDSU,0,0,0,148,CHA,1,0,0,0,0,0,0,0,0,0,0,0,0,0,0,0,0,20,4,3,0,0,3349,"2026-03-11 14:25:39.715","2026-07-30 19:19:53.950",NULL,0,0,0,0,0,0,0,0,0,0,0,30,0
1057,4,"Charlotte Hornets",Thomas,Mattera,G,"Point Guard",24,30,1,,,,Ukraine,3,76,208,25,15,28,32,32,30,39,17,22,18,19,15,90,C+,32,45,1,1,0,0,0,0,0,1,1,0,0,0,1,1,4,0,,,0,0,Average,Average,Average,,"Gym Rat",Distracted,0,,0,0,,46,KENT,0,2,49,4,"Charlotte Hornets",1,0,0,0,0,0,0,0,0,0,0,0,0,0,0,0,0,10,0,0,0,0,1057,"2026-03-11 14:25:35.918","2026-07-30 19:14:24.142",NULL,0,0,0,0,0,0,0,0,0,0,0,32,0
3373,4,CHA,Don,Ramirez,F,"Point Forward",32,29,10,,,,Indonesia,0,78,236,33,38,34,39,30,32,27,40,30,36,30,31,64,B,64,35,37,42,15,1,0,0,0,0,0,0,0,1,0,0,2,0,,,0,0,Average,Average,,,"Footwork king",,27,SAS,0,0,,93,SOCA,0,0,0,174,UTA,1,0,0,0,0,0,0,0,0,0,0,1,0,0,0,0,0,10,5,4,0,0,3373,"2026-03-11 14:25:39.715","2026-09-19 16:00:19.781",NULL,0,0,0,0,0,0,0,0,0,0,0,32,0
2374,4,CHA,Michael,Gonzalez,C,"Rim Protector",26,28,3,,,,Brazil,4,84,247,28,42,16,18,18,23,19,44,26,34,30,32,88,B,62,48,63,27,15,1,0,1,0,0,0,1,0,0,1,0,4,0,,,0,0,Impatient,"Wants extensions","Prefers to play in a different state",,Average,Average,0,,0,0,,199,XAV,50,2,50,21,"Oklahoma City Thunder",1,1,0,0,0,0,0,0,0,0,0,1,0,0,0,0,0,31,6,5,0,0,2374,"2026-03-11 14:25:39.098","2026-07-30 19:18:46.767",NULL,0,0,0,0,0,0,0,0,0,0,0,32,0
3148,4,"Charlotte Hornets",Philip,Taylor,F,"Power Forward",34,29,12,,,,Australia,0,79,231,40,41,42,31,39,36,38,43,42,41,45,42,58,B-,58,35,63,37,21,0,0,0,0,0,0,0,0,0,0,0,0,0,,,0,0,Average,Average,,,Average,,29,TOR,0,0,,115,USC,0,0,0,172,TOR,1,1,0,0,0,0,0,0,0,0,0,0,0,0,0,0,0,46.5,3,2,0,0,3148,"2026-03-11 14:25:39.098","2026-07-30 19:19:17.475",NULL,0,0,0,0,0,0,0,0,0,0,0,39,0
3414,4,CHA,David,Brown,F,"Point Forward",30,30,8,,,,Vietnam,0,77,242,35,40,34,29,47,32,33,35,34,34,37,35,83,A,83,48,53,42,21,1,0,0,1,1,0,0,1,0,0,0,4,0,,,0,0,Average,Average,,,Average,,0,,0,0,,61,MTSU,0,0,0,160,MIL,1,1,0,0,0,0,0,0,0,0,0,1,0,0,0,0,0,38.75,5,4,0,0,3414,"2026-03-11 14:25:39.715","2026-07-30 19:20:02.798",NULL,0,0,0,0,0,0,0,0,0,0,0,34,0
366,4,"Charlotte Hornets",Jed,Honeycutt,G,"Point Guard",24,0,0,Richfield,Richfield,UT,USA,1,75,224,17,13,27,29,37,19,14,7,13,9,8,11,90,B-,54,40,1,1,0,0,0,0,0,0,0,0,0,0,0,0,0,0,,,0,0,Cooperative,"Highest bidder",Average,,Average,"Skips classes often",0,,0,0,,145,SEAU,251,2,21,4,"Charlotte Hornets",1,0,0,0,0,0,0,0,0,0,0,0,0,0,0,0,0,0,0,0,0,0,366,"2026-09-01 19:38:49.475","2026-09-01 19:38:49.475",NULL,0,0,0,0,0,0,0,0,0,0,0,18,0
3183,4,"Charlotte Hornets",Willie,Walker,F,Two-Way,28,28,6,,,,Brazil,0,78,250,32,33,34,35,30,33,27,32,33,32,36,29,38,D+,38,48,53,27,21,0,0,0,1,0,0,0,0,0,0,0,1,0,,,0,0,Average,Average,,,Average,,1,ATL,0,0,,24,COLO,0,0,0,146,ATL,1,0,0,0,0,0,0,0,0,0,0,0,0,0,0,0,0,20,7,6,0,0,3183,"2026-03-11 14:25:39.098","2026-07-30 19:19:24.237",NULL,0,0,0,0,0,0,0,0,0,0,0,31,0
1432,4,"Charlotte Hornets",Adam,Puryear,F,"Small Forward",25,24,2,"Rock Island","Rock Island",IL,USA,3,77,234,27,31,15,22,22,26,25,13,34,32,32,46,97,C-,17,33,1,1,22,0,1,0,1,1,0,0,0,1,1,1,6,0,,,0,0,Jokester,Average,Average,,Average,"Wants to finish degree",0,,0,0,,77,OHST,0,1,15,4,"Charlotte Hornets",1,0,0,0,0,0,0,0,0,0,0,0,0,0,0,0,0,10,7,6,0,0,1432,"2026-03-11 14:25:36.540","2026-07-30 19:15:40.545",NULL,0,0,0,0,0,0,0,0,0,0,0,21,0
3234,4,"Charlotte Hornets",Courtney,Garrett,C,"Stretch Center",28,27,6,,,,"New Zealand",0,82,238,36,44,49,29,45,38,37,32,34,34,32,30,78,A-,78,48,11,53,22,1,1,0,0,0,0,0,0,1,0,0,3,0,,,0,0,Average,Average,,,Average,,0,,0,0,,14,BC,0,0,0,148,CHA,1,1,0,0,0,0,0,0,0,0,0,0,0,0,0,0,0,31,4,3,0,0,3234,"2026-03-11 14:25:39.098","2026-07-30 19:19:34.512",NULL,0,0,0,0,0,0,0,0,0,0,0,39,0
480,4,"Charlotte Hornets",Otis,Hale,F,"Point Forward",22,0,0,Visalia,"Central Valley Christian",CA,USA,5,77,246,25,16,28,25,29,24,21,28,28,31,24,34,75,A-,63,45,1,1,0,0,0,1,0,1,0,1,0,1,1,0,5,0,,,0,0,Outgoing,Average,Average,,Average,Average,0,,0,0,,200,GONZ,218,1,20,4,"Charlotte Hornets",1,0,0,0,0,0,0,0,0,0,0,0,0,0,0,0,0,0,0,0,0,0,480,"2026-09-01 19:38:20.026","2026-09-01 19:38:20.026",NULL,0,0,0,0,0,0,0,0,0,0,0,27,1
9190,4,"Charlotte Hornets",Ricardo,Serna,G,"Shooting Guard",22,29,2,,,,Paraguay,4,73,197,24,30,12,18,36,25,42,21,25,19,13,22,97,A+,86,39,47,53,5,1,0,0,1,1,1,0,0,0,0,1,5,0,,,0,0,Relaxed,Average,Average,,Average,Average,0,,0,0,,146,"Torpan Pojat",154,1,17,4,"Charlotte Hornets",1,0,0,0,0,0,0,0,0,0,0,1,1,1,0,0,0,10,7,6,0,0,9190,"2026-03-11 14:25:46.442","2026-07-30 19:31:08.792",NULL,0,0,0,0,0,0,0,0,0,0,0,30,0
1775,4,"Charlotte Hornets",Thomas,Teel,F,Two-Way,26,27,3,Sibley,Lakeside,LA,USA,3,78,225,29,27,24,20,23,26,36,40,33,33,27,30,94,A-,73,42,53,42,21,0,0,1,0,0,1,1,0,1,0,0,4,0,,,0,0,"Absent Minded",Loyal,Average,,Average,Average,0,,0,0,,106,TROY,8,1,8,4,"Charlotte Hornets",1,1,0,0,0,0,0,0,0,0,0,0,0,0,0,0,0,31,6,5,0,0,1775,"2026-03-11 14:25:37.165","2026-07-30 19:16:49.363",NULL,0,0,0,0,0,0,0,0,0,0,0,31,0
2045,4,"Charlotte Hornets",John,Mckenzie,G,"Point Guard",26,28,3,,,,Portugal,2,71,206,27,16,38,42,33,31,29,16,21,21,18,23,85,D,19,36,53,73,21,0,0,1,0,0,0,0,0,0,0,0,1,0,,,0,0,Average,Average,Average,,Average,Average,0,,0,0,,130,WYOM,0,0,0,0,,1,0,0,0,0,0,0,0,0,0,0,0,0,0,0,0,0,10,7,6,0,0,2045,"2026-03-11 14:25:38.274","2026-07-30 19:17:42.527",NULL,0,0,0,0,0,0,0,0,0,0,0,21,0
2054,5,CHI,Steven,Gentes,C,"Rim Protector",23,0,0,,,,Norway,3,85,257,21,22,18,25,21,24,19,22,22,19,27,21,100,A,76,41,1,1,0,0,0,1,0,0,1,0,1,0,1,0,4,0,,,0,0,Average,Average,Average,,Average,Average,0,,0,0,,130,WYOM,0,0,0,0,,1,0,0,0,1,0,0,0,0,0,0,1,0,0,0,0,0,0.7,7,2,0,0,2054,"2026-09-01 19:42:16.225","2026-09-26 15:41:11.481",NULL,0,0,0,0,0,0,0,0,0,0,0,21,0
3359,5,CHI,Keith,Rogers,C,"Rim Protector",30,26,8,,,,Pakistan,0,82,237,29,39,31,35,28,32,26,24,28,29,31,23,67,B,67,37,37,58,12,0,1,0,1,0,0,0,0,1,1,0,4,0,,,0,0,Average,Average,,,Average,,0,,0,0,,83,ORST,0,0,0,160,MIL,1,0,0,0,0,0,0,0,0,0,0,1,0,0,0,0,0,10,4,3,0,0,3359,"2026-03-11 14:25:39.715","2026-09-19 16:00:25.285",NULL,0,0,0,0,0,0,0,0,0,0,0,30,0
6947,5,CHI,Matt,Taylor,G,"Point Guard",21,0,0,Merrillville,Andrean,IN,USA,5,77,209,23,25,30,22,16,23,23,21,23,23,21,26,48,C,48,41,1,1,0,1,0,0,0,0,0,1,0,0,0,1,3,0,,,0,0,Motivational,"Highest bidder","Prefers to be close to home",,"Focuses on Max Reps","Naturally book smart",0,,0,0,,139,SDST,0,0,0,0,,1,0,0,0,1,0,0,0,0,0,0,1,0,0,0,0,0,0.7,7,3,0,0,6947,"2026-09-01 19:47:21.860","2026-09-26 15:40:57.782",NULL,0,0,0,0,0,0,0,0,0,0,0,26,0
1332,5,CHI,Sergio,Ayala,G,"Combo Guard",23,0,0,Declo,Declo,ID,USA,3,70,194,21,21,29,17,16,25,32,12,22,17,17,19,100,A-,71,35,1,1,0,0,0,0,0,0,0,0,1,0,0,0,1,0,,,0,0,Average,Average,Average,,Average,Average,0,,0,0,,68,NEV,0,0,0,0,,1,0,0,0,1,0,0,0,0,0,0,1,0,0,0,0,0,0.7,7,2,0,0,1332,"2026-09-01 19:40:54.789","2026-09-26 15:41:08.139",NULL,0,0,0,0,0,0,0,0,0,0,0,28,0
3129,5,CHI,Claudio,Fitzpatrick,G,"Point Guard",32,27,10,,,,Australia,0,75,217,36,30,37,41,33,36,36,32,39,37,28,50,68,B,68,43,21,32,12,0,0,0,1,1,0,0,0,0,0,0,2,0,,,0,0,Average,Loyal,,,Average,,0,,0,0,,62,MINN,0,0,0,150,DAL,1,0,0,0,0,0,0,0,0,0,0,1,0,0,0,0,0,20,6,5,0,0,3129,"2026-03-11 14:25:39.098","2026-09-14 16:00:09.472",NULL,0,0,0,0,0,0,0,0,0,0,0,38,0
343,5,CHI,Moises,Farr,F,Two-Way,27,29,5,,,,Cyprus,0,79,232,40,31,50,46,33,41,44,30,42,39,48,41,77,A-,77,48,42,68,18,0,1,0,0,1,1,0,0,0,1,0,4,0,,,0,0,Average,Average,,,Average,,0,,0,0,,144,PORT,0,0,0,164,OKC,1,1,1,0,0,0,0,0,0,0,1,1,0,0,0,0,0,38.75,3,2,0,0,343,"2026-03-11 14:25:34.683","2026-09-19 15:29:43.984",NULL,0,0,0,0,0,0,0,0,0,0,0,42,0
3192,5,CHI,Shawn,Taylor,G,"Combo Guard",34,28,12,,,,Brazil,0,75,195,33,26,29,34,45,31,36,34,36,34,33,30,80,A-,80,32,73,42,15,0,0,0,0,1,0,0,0,0,0,0,1,0,,,0,0,Average,Average,,,"Footwork king",,0,,0,0,,79,OKST,0,0,0,176,WAS,1,0,0,0,0,0,0,0,0,0,0,1,0,0,0,0,0,2.5,4,3,0,0,3192,"2026-03-11 14:25:39.098","2026-09-18 16:00:13.933",NULL,0,0,0,0,0,0,0,0,0,0,0,30,1
8316,5,"Chicago Bulls",Abdul-Rahmaan,Dlamlenze,G,"Combo Guard",21,33,0,,,,Rwanda,3,71,195,22,10,39,28,19,21,19,27,22,18,24,15,55,C,53,38,37,37,5,0,1,1,0,0,0,1,0,0,1,0,4,0,,,0,0,Flamboyant,Average,Average,,Persistant,"Class Clown",0,,0,0,,90,"SL Benfica",265,2,4,5,"Chicago Bulls",1,0,0,0,0,0,0,0,0,0,0,1,1,1,0,0,0,0.7,7,3,0,0,8316,"2026-03-11 14:25:42.819","2026-09-01 19:38:34.127",NULL,0,0,0,0,0,0,0,0,0,0,0,23,0
2689,5,CHI,James,Rogers,F,Two-Way,22,0,0,Roswell,Roswell,NM,USA,4,78,228,23,30,23,13,23,23,13,22,24,27,28,25,34,B-,44,46,1,1,0,1,0,1,1,0,0,0,0,0,1,1,5,0,,,0,0,Average,"Championship seeking",Average,,Lazy,Average,0,,0,0,,60,MIST,0,0,0,0,,1,0,0,0,0,0,0,0,0,0,0,1,0,0,0,0,0,0.7,7,2,0,0,2689,"2026-09-01 19:43:09.369","2026-09-26 15:43:25.395",NULL,0,0,0,0,0,0,0,0,0,0,0,23,0
2950,5,"Chicago Bulls",Craig,Baker,F,Two-Way,22,0,0,Nashville,"Franklin Road Academy",TN,USA,5,80,253,25,25,32,16,24,28,27,26,28,26,22,30,79,A+,94,46,1,1,0,0,1,0,0,0,1,1,1,1,0,1,6,0,,,0,0,Average,Average,Average,,Average,"Teacher's Pet",0,,0,0,,47,UKEN,233,1,1,5,"Chicago Bulls",1,0,0,0,0,0,0,0,0,0,0,0,0,0,0,0,0,0,0,0,0,0,2950,"2026-09-01 19:37:22.046","2026-09-01 19:37:22.046",NULL,0,0,0,0,0,0,0,0,0,0,0,29,0
3215,5,CHI,Darren,Ruiz,G,Slasher,32,27,10,,,,Belgium,0,74,209,33,40,36,35,30,37,30,31,31,31,29,33,68,B,68,37,58,79,17,0,0,0,0,1,1,0,1,1,0,0,4,0,,,0,0,Average,Average,,,"Focuses on Max Weight",,0,,0,0,,43,IAST,0,0,0,150,DAL,1,0,0,0,0,0,0,0,0,0,0,1,0,0,0,0,0,10,5,4,0,0,3215,"2026-03-11 14:25:39.098","2026-09-14 16:00:14.155",NULL,0,0,0,0,0,0,0,0,0,0,0,34,0
1940,5,"Chicago Bulls",George,Tate,C,"Post Scorer",25,26,2,,,,Algeria,3,84,248,28,30,21,14,13,25,27,47,31,38,32,33,92,D,27,38,1,1,19,0,0,0,0,0,1,1,0,0,0,0,2,0,,,0,0,Average,Average,Average,,Average,Average,0,,0,0,,119,UTST,0,1,19,5,"Chicago Bulls",1,1,0,0,0,0,0,0,0,0,0,0,0,0,0,0,0,31,6,5,0,0,1940,"2026-03-11 14:25:38.274","2026-07-30 19:17:23.251",NULL,0,0,0,0,0,0,0,0,0,0,0,34,0
5538,5,CHI,Patrick,Shappell,C,"Stretch Center",25,30,2,Bluefield,Bluefield,WV,USA,1,83,263,5,3,2,2,3,1,7,2,10,8,13,7,21,B-,53,35,1,1,4,0,0,0,0,1,0,0,0,0,0,0,1,0,,,0,0,Focused,Average,Average,,Average,Average,0,,0,0,,336,AMCC,0,0,0,0,,1,0,0,0,1,0,0,0,0,0,0,0,0,0,0,0,0,1.6,7,6,0,0,5538,"2026-03-11 14:25:42.202","2026-09-25 22:57:03.467",NULL,0,0,0,0,0,0,0,0,0,0,0,8,0
169,5,"Chicago Bulls",Richard,Sanders,G,"Point Guard",25,28,1,"Sergeant Bluff","Sergeant Bluff-Luton",IA,USA,3,72,194,23,17,30,31,36,26,22,30,15,21,15,15,84,C+,46,33,1,1,0,1,0,0,1,0,0,1,1,0,0,1,5,0,,,0,0,Average,"Highest bidder",Legacy,,Average,Average,0,,0,0,,136,GEOT,0,1,22,5,"Chicago Bulls",1,0,0,0,0,0,0,0,0,0,0,0,0,0,0,0,0,10,0,0,0,0,169,"2026-03-11 14:25:34.683","2026-07-30 19:11:39.918",NULL,0,0,0,0,0,0,0,0,0,0,0,22,0
3504,5,CHI,Steven,Martin,C,"Post Scorer",29,29,7,,,,Kazakhstan,0,83,246,29,29,20,39,32,26,28,39,27,30,32,21,65,B,65,48,58,47,12,0,1,0,0,0,0,0,0,0,1,0,2,0,,,0,0,Average,Market-driven,,,Loud,,0,,0,0,,136,GEOT,0,0,0,170,SAS,1,0,0,0,0,0,0,0,0,0,0,1,0,0,0,0,0,10,6,5,0,0,3504,"2026-03-11 14:25:39.715","2026-09-18 16:00:18.964",NULL,0,0,0,0,0,0,0,0,0,0,0,27,0
8372,5,"Chicago Bulls",Tudor,Puscasu,F,"Point Forward",20,25,2,,,,Bulgaria,3,79,192,20,23,21,14,23,16,21,35,16,24,23,8,84,A,44,37,53,73,5,0,1,0,1,0,0,1,0,0,1,0,4,0,,,0,0,Tough,"Drafted team discount",Average,,"Gym Rat",Average,0,,0,0,,44,Panathinaikos,201,2,54,5,"Chicago Bulls",1,0,0,0,1,0,0,0,0,0,0,1,1,1,0,0,0,10,7,2,0,0,8372,"2026-03-11 14:25:43.434","2026-09-26 15:42:41.532",NULL,0,0,0,0,0,0,0,0,0,0,0,16,0
1208,5,"Chicago Bulls",Barry,Clark,F,Two-Way,25,26,2,Racine,"St. Catherine's",WI,USA,4,78,221,23,42,27,15,26,25,14,31,17,22,22,24,69,A-,74,39,1,1,23,1,0,0,0,0,0,0,1,0,0,0,2,0,,,0,0,Average,"Hates Cleveland",Average,,"Track Athlete",Tutor,0,,0,0,,59,MICH,0,1,26,5,"Chicago Bulls",1,0,0,0,0,0,0,0,0,0,0,0,0,0,0,0,0,20,7,6,0,0,1208,"2026-03-11 14:25:36.540","2026-07-30 19:14:54.613",NULL,0,0,0,0,0,0,0,0,0,0,0,32,0
8414,5,CHI,Yang,Chu,F,"Point Forward",22,26,0,,,,China,5,80,239,21,29,19,23,13,28,29,23,19,21,11,27,50,C-,50,44,58,63,8,1,0,0,0,1,1,1,0,1,0,1,6,0,,,0,0,Average,Average,Average,,Average,Average,0,,0,0,,187,"Al Sadd",0,0,0,0,,1,0,0,0,1,0,0,0,0,0,0,1,1,1,0,0,0,0.7,7,2,0,0,8414,"2026-03-11 14:25:43.434","2026-09-26 15:41:13.315",NULL,0,0,0,0,0,0,0,0,0,0,0,19,0
7923,5,CHI,Patrick,Jensen,C,"Post Scorer",20,0,0,Honolulu,"Kamehameha Kapalama",HI,USA,5,82,235,22,31,28,17,30,21,24,18,23,16,12,27,50,C+,41,39,1,1,0,1,1,0,1,0,1,0,0,0,0,1,5,0,,,0,0,Average,Average,Average,,Average,Distracted,0,,0,0,,240,EWU,0,0,0,0,,1,0,0,0,1,0,0,0,0,0,0,1,0,0,0,0,0,0.7,7,3,0,0,7923,"2026-09-01 19:47:28.779","2026-09-26 15:41:05.522",NULL,0,0,0,0,0,0,0,0,0,0,0,22,0
1019,5,"Chicago Bulls",Anibal,Ruiz,F,"Point Forward",26,25,3,Duncan,Byrnes,SC,USA,3,78,243,28,29,36,25,34,31,27,38,23,25,19,20,83,B+,61,37,53,37,16,0,1,1,0,0,0,1,0,0,0,0,3,0,,,0,0,Introvert,Market-driven,"Is going to school mainly for academics",,"Working-Class mentality","Didn't come here to play school",0,,0,0,,42,IOWA,31,1,31,5,"Chicago Bulls",1,0,0,0,0,0,0,0,0,0,0,0,0,0,0,0,0,20,4,3,0,0,1019,"2026-03-11 14:25:35.918","2026-07-30 19:14:16.793",NULL,0,0,0,0,0,0,0,0,0,0,0,28,0
6938,6,"Cleveland Cavaliers",Jayden,Thompson,C,"Stretch Center",21,0,0,Springfield,"Sacred Heart-Griffin",IL,USA,5,81,265,23,33,27,17,32,23,18,29,20,27,27,11,64,A-,64,39,1,1,0,0,0,1,0,0,1,0,0,0,1,0,3,0,,,0,0,"Book Worm",Adversarial,Average,,Average,"Takes AP classes",0,,0,0,,86,PURD,221,1,12,6,"Cleveland Cavaliers",1,0,0,0,0,0,0,0,0,0,0,0,0,0,0,0,0,0,0,0,0,0,6938,"2026-09-01 19:38:13.253","2026-09-01 19:38:13.253",NULL,0,0,0,0,0,0,0,0,0,0,0,23,0
3356,6,CLE,Patrick,Kelly,F,Two-Way,31,30,9,,,,Jamaica,0,77,268,27,32,35,22,25,29,28,24,25,30,24,33,30,D,30,48,47,47,19,0,0,0,0,1,0,0,0,0,0,0,1,0,,,0,0,Tough,Average,,,"Gym Rat",,0,,0,0,,94,USF,0,0,0,41,IND,1,0,0,0,0,0,0,0,0,0,0,1,0,0,1,0,0,2.4,7,6,0,0,3356,"2026-03-11 14:25:39.715","2026-10-03 16:00:29.749",NULL,0,0,0,0,0,0,0,0,0,0,0,27,0
548,6,"Cleveland Cavaliers",Brian,Shay,G,3-and-D,24,27,1,Lanham,DuVal,MD,USA,3,72,184,21,13,33,37,32,26,26,11,18,13,11,14,39,A+,98,42,1,1,0,1,1,1,1,0,0,0,0,1,0,1,6,0,,,0,0,Average,"I'm the starter",Average,,"Track Athlete","Teacher's Pet",0,,0,0,,4,APST,0,2,44,6,"Cleveland Cavaliers",1,0,0,0,0,0,0,0,0,0,0,0,0,0,0,0,0,1.5,0,0,0,0,548,"2026-03-11 14:25:35.298","2026-07-30 19:12:41.237",NULL,0,0,0,0,0,0,0,0,0,0,0,19,0
3119,6,CLE,Arthur,Murphy,G,"Shooting Guard",32,28,10,,,,Australia,0,74,190,38,38,45,32,46,37,37,41,37,39,43,34,69,B+,69,38,42,53,14,1,1,0,0,0,0,1,0,0,0,0,3,0,,,0,0,Average,Average,,,Average,,0,,0,0,,82,OREG,0,0,0,178,CLE,1,1,0,0,0,0,0,0,0,0,0,1,0,0,0,0,0,46.5,5,4,0,0,3119,"2026-03-11 14:25:39.098","2026-07-30 19:19:09.547",NULL,0,0,0,0,0,0,0,0,0,0,0,38,0
3122,6,CLE,Ed,Brewer,F,"Point Forward",32,25,10,,,,Lithuania,0,77,218,28,35,19,35,29,32,31,28,27,26,13,38,63,B,63,37,53,37,11,0,0,0,0,0,0,0,0,0,0,0,0,0,,,0,0,Average,Average,,,Average,,0,,0,0,,101,TEX,0,0,0,165,ORL,1,0,0,0,0,0,0,0,0,0,0,1,0,0,0,0,0,2.5,5,4,0,0,3122,"2026-03-11 14:25:39.098","2026-10-03 16:00:27.198",NULL,0,0,0,0,0,0,0,0,0,0,0,31,0
2109,6,CLE,Erik,Jacobs,C,"Rim Protector",23,24,1,,,,Austria,4,83,253,25,27,16,11,8,17,18,32,31,35,35,41,86,C+,55,41,1,1,0,0,1,0,0,1,1,0,0,0,1,1,5,0,,,0,0,Average,Average,Average,,Average,"Wants to finish degree",17,"Milwaukee Bucks",0,0,,144,PORT,0,1,29,17,"Milwaukee Bucks",1,0,0,0,0,0,0,0,0,0,0,0,0,0,0,0,0,10,0,0,0,0,2109,"2026-03-11 14:25:38.274","2026-07-30 19:17:52.794",NULL,0,0,0,0,0,0,0,0,0,0,0,18,0
9028,6,CLE,Adel,Aswad,G,Slasher,21,23,2,,,,Iran,5,70,199,26,24,24,29,17,25,35,19,31,25,39,21,91,A+,8,39,27,47,7,0,0,0,0,0,1,0,1,0,1,0,3,0,,,0,0,Average,Average,"Prefers to play for a team with a rich history",,Average,Tutor,0,,0,0,,187,"Al Sadd",0,0,0,0,,1,0,0,0,0,0,0,0,0,0,0,1,1,1,0,0,0,10,7,4,0,0,9028,"2026-03-11 14:25:45.117","2026-07-30 19:30:20.858",NULL,0,0,0,0,0,0,0,0,0,0,0,28,0
3150,6,CLE,Todd,Jackson,F,Two-Way,32,28,10,,,,Turkey,0,77,211,41,40,46,34,50,40,44,33,45,41,48,37,87,A,87,43,89,63,15,0,1,0,1,0,0,0,0,0,0,0,2,0,,,0,0,Stoic,Average,,,Average,,0,,0,0,,136,GEOT,0,0,0,176,WAS,1,1,0,0,0,0,0,0,0,0,0,1,0,0,0,0,0,46.5,4,3,0,0,3150,"2026-03-11 14:25:39.098","2026-07-30 19:19:18.072",NULL,0,0,0,0,0,0,0,0,0,0,0,40,0
8296,6,"Cleveland Cavaliers",Duka,Mbatshazwa,G,"Combo Guard",18,24,0,,,,Rwanda,3,70,215,19,14,9,23,8,16,24,14,27,21,22,27,54,C,41,39,84,16,4,0,0,1,0,0,1,1,0,0,1,1,5,0,,,0,0,Average,Average,Average,,Average,Average,0,,0,0,,143,"Bakken Bears",253,2,15,6,"Cleveland Cavaliers",1,0,0,0,0,0,0,0,0,0,0,1,1,1,0,0,0,0.7,7,4,0,0,8296,"2026-03-11 14:25:42.819","2026-09-01 19:38:43.976",NULL,0,0,0,0,0,0,0,0,0,0,0,16,0
878,6,"Cleveland Cavaliers",Scott,Munro,F,All-Around,25,25,3,"Overland Park","Blue Valley North",KS,USA,4,77,225,31,38,32,8,37,30,38,39,33,33,31,29,99,D,22,37,58,47,11,1,1,0,1,1,1,1,0,0,1,0,7,0,,,0,0,Average,"Championship seeking","Prefers to play for a team with a rich history",,Average,Average,0,,0,0,,31,FAU,11,1,11,6,"Cleveland Cavaliers",1,1,0,0,0,0,0,0,0,0,0,0,0,0,0,0,0,31,5,4,0,0,878,"2026-03-11 14:25:35.918","2026-07-30 19:13:47.917",NULL,0,0,0,0,0,0,0,0,0,0,0,20,1
3438,6,CLE,Benjamin,Collins,C,"Rim Protector",32,30,10,,,,Mozambique,0,81,258,28,31,34,21,30,31,30,31,27,31,17,37,55,C+,55,40,32,58,14,0,0,0,0,0,1,0,0,0,0,1,2,0,,,0,0,Average,Average,,,Average,,0,,0,0,,93,SOCA,0,0,0,146,ATL,1,0,0,0,0,0,0,0,0,0,0,1,0,0,1,0,0,2.5,7,6,0,0,3438,"2026-03-11 14:25:39.715","2026-10-03 16:00:28.189",NULL,0,0,0,0,0,0,0,0,0,0,0,27,0
3235,6,"Cleveland Cavaliers",Joe,Smith,G,"Combo Guard",30,28,8,,,,China,0,69,210,38,41,48,31,36,41,46,38,36,34,33,32,64,B,64,45,73,53,23,1,1,0,0,0,1,0,0,0,0,0,3,0,,,0,0,"Book Worm",Average,,,Average,,0,,0,0,,30,FLA,0,0,0,178,CLE,1,1,0,0,0,0,0,0,0,0,0,0,0,0,0,0,0,38.75,4,3,0,0,3235,"2026-03-11 14:25:39.098","2026-07-30 19:19:34.812",NULL,0,0,0,0,0,0,0,0,0,0,0,37,0
2472,6,CLE,Stephen,Alexander,G,"Combo Guard",24,26,1,Gwinner,Milnor,ND,USA,4,77,193,26,23,41,31,47,33,36,18,20,11,4,15,97,A+,97,45,1,1,0,0,0,0,1,0,1,0,0,0,0,1,3,0,,,0,0,Extroverted,"Drafted team discount",Average,,Average,"Takes AP classes",0,,0,0,,206,HALL,0,0,0,0,,1,0,0,0,0,0,0,0,0,0,0,1,0,0,0,0,0,10,7,5,0,0,2472,"2026-03-11 14:25:39.098","2026-07-30 19:19:07.490",NULL,0,0,0,0,0,0,0,0,0,0,0,19,0
193,6,"Cleveland Cavaliers",Donald,Perez,F,"Small Forward",25,25,2,Buda,Hays,TX,USA,3,77,202,22,15,41,21,23,22,26,16,26,17,23,21,70,A+,87,42,1,1,11,0,1,0,0,1,0,0,1,1,1,0,5,0,,,0,0,Outgoing,Average,Average,,Average,Average,0,,0,0,,44,KANS,0,2,53,6,"Cleveland Cavaliers",1,0,0,0,0,0,0,0,0,0,0,0,0,0,0,1,0,1.6,4,3,0,0,193,"2026-03-11 14:25:34.683","2026-07-30 19:11:45.495",NULL,0,0,0,0,0,0,0,0,0,0,0,28,0
8403,6,CLE,Fausto,Borrego,F,"Point Forward",23,31,2,,,,Malta,2,77,227,24,19,22,37,22,29,44,20,25,17,22,9,89,A+,20,43,37,68,8,0,0,1,0,0,1,0,0,0,0,0,2,0,,,0,0,Average,"Drafted team discount",Average,,Average,Average,17,"Milwaukee Bucks",0,0,,106,REG,156,1,23,17,"Milwaukee Bucks",1,0,0,0,0,0,0,0,0,0,0,1,1,1,0,0,0,10,7,5,0,0,8403,"2026-03-11 14:25:43.434","2026-07-30 19:27:16.341",NULL,0,0,0,0,0,0,0,0,0,0,0,32,0
3568,6,CLE,Paul,Robinson,F,"Point Forward",32,29,10,,,,Guinea,0,78,233,29,25,26,23,34,27,34,26,32,32,29,33,59,B-,59,39,42,58,14,0,0,0,0,1,0,0,1,0,0,1,3,0,,,0,0,Average,Average,,,Average,,0,,0,0,,28,EMU,0,0,0,153,GSW,1,0,0,0,0,0,0,0,0,0,0,1,0,0,0,0,0,2.5,6,5,0,0,3568,"2026-03-11 14:25:39.715","2026-10-03 16:00:19.369",NULL,0,0,0,0,0,0,0,0,0,0,0,30,1
242,6,"Cleveland Cavaliers",Erick,Mclaughlin,C,"Stretch Center",26,30,5,,,,Finland,0,81,252,27,25,17,30,21,26,35,42,28,29,22,30,55,C+,55,45,53,32,23,0,0,0,0,0,1,1,0,0,1,1,4,0,,,0,0,"Absent Minded",Loyal,,,Average,,0,,0,0,,126,WVU,0,0,0,178,CLE,1,0,0,0,0,0,0,0,0,0,0,0,0,0,0,0,0,20,5,4,0,0,242,"2026-03-11 14:25:34.683","2026-07-30 19:11:56.203",NULL,0,0,0,0,0,0,0,0,0,0,0,31,0
3582,6,CLE,Jose,Bailey,F,Two-Way,31,29,9,,,,Indonesia,0,79,221,29,29,27,22,27,27,28,36,32,31,36,29,62,B-,62,44,63,68,17,1,0,0,0,1,0,0,0,0,1,0,3,0,,,0,0,Selfish,Average,,,"Center of Attention",,0,,0,0,,0,Finland,0,0,0,167,PHX,1,0,0,0,0,0,0,0,0,0,0,1,0,0,1,0,0,2.4,6,5,0,0,3582,"2026-03-11 14:25:39.715","2026-10-03 16:00:22.390",NULL,0,0,0,0,0,0,0,0,0,0,0,30,0
792,7,DAL,John,Ott,F,All-Around,25,30,2,Jacksonville,"Pleasant Valley",AL,USA,4,77,244,23,29,19,21,25,19,18,31,22,28,27,24,55,A-,68,34,1,1,17,0,0,1,1,1,1,1,1,0,1,1,8,0,,,0,0,Reserved,"Money motivated",Average,,Average,Average,0,,0,0,,23,CCU,0,0,0,0,,1,0,0,0,0,0,0,1,0,0,0,1,0,0,0,0,0,10,4,3,0,0,792,"2026-03-11 14:25:35.918","2026-10-02 15:55:10.712",NULL,0,0,0,0,0,0,0,0,0,0,0,27,1
6952,7,"Dallas Mavericks",Kaiser,Zoss,G,"Shooting Guard",21,0,0,"South Jordan",Bingham,UT,USA,5,78,187,24,21,24,27,23,24,23,22,26,22,29,27,66,A,66,40,1,1,0,0,1,0,0,0,1,1,0,0,1,0,4,0,,,0,0,Outgoing,"Drafted team discount","Prefers to play for a specific coach",,Loud,"Has other priorities",0,,0,0,,118,UTAH,255,2,18,7,"Dallas Mavericks",1,0,0,0,0,0,0,0,0,0,0,0,0,0,0,0,0,0,0,0,0,0,6952,"2026-09-01 19:38:46.787","2026-09-01 19:38:46.787",NULL,0,0,0,0,0,0,0,0,0,0,0,25,0
1838,7,DAL,Carl,Bolser,C,"Rim Protector",24,27,2,Scarborough,Scarborough,ME,USA,4,81,242,22,26,15,18,14,16,9,33,20,28,32,26,37,A,88,40,1,1,12,0,0,0,0,0,0,1,0,1,1,1,4,0,,,0,0,Reserved,Average,Average,,"Focuses on Max Weight",Average,0,,0,0,,111,UCLA,0,0,0,0,,1,0,0,0,0,0,0,0,0,0,0,1,0,0,0,0,0,1.6,6,5,0,0,1838,"2026-03-11 14:25:37.165","2026-07-30 19:17:02.714",NULL,0,0,0,0,0,0,0,0,0,0,0,12,0
3376,7,DAL,Harold,Kelly,C,"Stretch Center",29,28,7,,,,"Puerto Rico",0,81,258,35,24,45,29,40,36,42,26,41,34,36,38,68,B,68,48,47,63,17,0,0,0,1,0,0,0,0,0,0,1,2,0,,,0,0,Average,Loyal,,,Average,,0,,0,0,,0,Spain,0,0,0,176,WAS,1,0,0,0,0,0,0,0,0,0,0,1,0,0,0,0,0,20,6,5,0,0,3376,"2026-03-11 14:25:39.715","2026-10-03 16:00:12.679",NULL,0,0,0,0,0,0,0,0,0,0,0,27,0
3130,7,DAL,David,Thompson,G,"Combo Guard",31,27,9,,,,Israel,0,75,189,34,34,30,36,28,33,36,35,36,35,42,31,34,D+,34,36,21,89,18,0,0,0,0,0,0,0,0,0,0,1,1,0,,,0,0,Impatient,Market-driven,,,Average,,0,,0,0,,81,MISS,0,0,0,153,GSW,1,0,0,0,0,0,0,0,0,0,0,1,0,0,0,0,0,20,6,5,0,0,3130,"2026-03-11 14:25:39.098","2026-10-03 16:00:13.525",NULL,0,0,0,0,0,0,0,0,0,0,0,36,0
571,7,"Dallas Mavericks",David,Bland,G,3-and-D,25,24,2,,,,Kenya,3,70,196,27,15,37,44,42,30,35,14,23,15,16,21,87,A,73,40,1,1,20,0,1,1,1,0,1,1,0,1,0,0,6,0,,,0,0,Abrasive,Average,Average,,Average,Average,0,,0,0,,6,AZST,0,1,23,7,"Dallas Mavericks",1,0,0,0,0,0,0,0,0,0,0,0,0,0,0,0,0,10,7,6,0,0,571,"2026-03-11 14:25:35.298","2026-07-30 19:12:45.647",NULL,0,0,0,0,0,0,0,0,0,0,0,28,0
1614,7,DAL,Terrence,Winstead,F,"Point Forward",26,25,3,Marshall,Marshall,MN,USA,3,78,237,30,27,24,27,40,29,38,36,29,27,23,25,75,C,46,37,27,42,16,0,0,1,1,1,1,1,1,0,0,0,6,0,,,0,0,Paranoid,Average,Average,,Average,Average,21,"Oklahoma City Thunder",0,0,,93,SOCA,21,1,21,21,"Oklahoma City Thunder",1,1,0,0,0,0,0,0,0,0,0,0,0,0,0,0,0,31,4,3,0,0,1614,"2026-03-11 14:25:37.165","2026-07-30 19:16:16.621",NULL,0,0,0,0,0,0,0,0,0,0,0,30,0
1111,7,"Dallas Mavericks",Bobby,Mcfadden,C,"Rim Protector",23,0,0,Canton,"Canton Academy",MS,USA,4,85,263,21,27,14,5,22,12,13,35,22,28,24,23,33,C+,35,43,1,1,0,0,0,0,0,0,0,1,0,0,0,0,1,0,,,0,0,Average,Average,Average,,Average,Average,0,,0,0,,24,COLO,225,1,15,7,"Dallas Mavericks",1,0,0,0,0,0,0,0,0,0,0,0,0,0,0,0,0,0,0,0,0,0,1111,"2026-09-01 19:38:15.745","2026-09-01 19:38:15.745",NULL,0,0,0,0,0,0,0,0,0,0,0,19,0
3163,7,DAL,Marvin,Erickson,F,"Point Forward",35,30,13,,,,Uganda,0,77,222,41,41,31,48,38,39,42,45,44,45,48,39,73,B+,73,28,63,37,16,0,0,0,0,0,0,0,0,0,0,0,0,0,,,0,0,Irrational,Average,,,Lazy,,0,,0,0,,118,UTAH,0,0,0,158,MEM,1,0,0,0,0,0,0,1,0,0,0,1,0,0,0,0,0,20,5,4,0,0,3163,"2026-03-11 14:25:39.098","2026-10-02 15:54:58.267",NULL,0,0,0,0,0,0,0,0,0,0,0,39,0
10123,7,"Dallas Mavericks",Manuel,Escobar,G,"Shooting Guard",21,28,2,,,,Nicaragua,5,71,205,27,24,25,35,28,32,43,22,27,18,21,15,89,A-,41,32,27,84,3,0,1,1,1,0,1,0,1,0,0,0,5,0,,,0,0,Average,Average,Average,,Complacent,Average,0,,0,0,,93,"Petro de Luanda",161,1,8,7,"Dallas Mavericks",1,0,0,0,0,0,0,0,0,0,0,1,1,1,0,0,0,10,7,4,0,0,10123,"2026-03-11 14:25:49.472","2026-07-30 19:35:44.180",NULL,0,0,0,0,0,0,0,0,0,0,0,40,0
1174,7,"Dallas Mavericks",Trent,Snowden,F,"Power Forward",26,28,3,Glendale,Cactus,AZ,USA,4,79,238,30,30,26,22,36,27,27,28,32,33,43,34,75,C+,43,42,42,58,21,0,0,0,1,0,0,0,0,0,1,1,3,0,,,0,0,Average,Average,Average,,Average,Average,0,,0,0,,56,MEMP,15,1,15,7,"Dallas Mavericks",1,0,0,0,0,0,0,0,0,0,0,0,0,0,0,0,0,20,6,5,0,0,1174,"2026-03-11 14:25:36.540","2026-07-30 19:14:47.416",NULL,0,0,0,0,0,0,0,0,0,0,0,37,0
1230,7,DAL,Walter,Vogt,G,"Point Guard",26,27,3,,,,Finland,1,77,186,23,19,26,25,26,24,31,25,23,17,17,18,100,A+,86,43,21,32,19,0,0,0,0,1,0,1,0,0,0,0,2,0,,,0,0,Average,Average,"Prefers to play for a team with a rich history",,Average,Average,30,"Utah Jazz",0,0,,61,MTSU,0,0,0,0,,1,0,0,0,0,0,0,0,0,0,0,1,0,0,0,0,0,10,6,5,0,0,1230,"2026-03-11 14:25:36.540","2026-07-30 19:14:59.097",NULL,0,0,0,0,0,0,0,0,0,0,0,26,0
999,7,"Dallas Mavericks",Michael,Cummings,F,"Small Forward",24,29,1,Yakima,"West Valley",WA,USA,2,80,229,24,25,25,19,33,24,20,34,23,24,15,24,99,A,76,45,1,1,0,0,0,1,1,1,0,1,0,0,0,0,4,0,,,0,0,Disloyal,Average,Average,,Average,Average,0,,0,0,,40,ILLI,0,2,40,7,"Dallas Mavericks",1,0,0,0,0,0,0,0,0,0,0,0,0,0,0,0,0,10,0,0,0,0,999,"2026-03-11 14:25:35.918","2026-07-30 19:14:13.319",NULL,0,0,0,0,0,0,0,0,0,0,0,22,0
3323,7,DAL,Elias,Ramsey,F,Two-Way,29,30,7,,,,Germany,0,80,252,29,30,29,31,29,29,28,27,33,31,29,29,88,A,88,47,42,37,23,0,0,0,0,0,0,0,0,1,0,0,1,0,,,0,0,Average,Loyal,,,Average,,0,,0,0,,6,AZST,0,0,0,41,IND,1,0,0,0,0,0,0,0,0,0,0,1,0,0,0,0,0,10,5,4,0,0,3323,"2026-03-11 14:25:39.715","2026-07-30 19:19:48.902",NULL,0,0,0,0,0,0,0,0,0,0,0,31,0
2077,8,"Denver Nuggets",Roy,Delay,C,"Rim Protector",24,29,1,Springdale,"Shiloh Christian",AR,USA,3,85,241,21,18,3,10,1,12,26,29,30,30,36,35,75,A+,86,44,1,1,0,0,0,0,0,0,1,1,0,1,1,0,4,0,,,0,0,Irrational,Average,Average,,Average,"Sits at the back of the class",0,,0,0,,135,VCU,0,2,62,8,"Denver Nuggets",1,0,0,0,0,0,0,0,0,0,0,0,0,0,0,0,0,10,0,0,0,0,2077,"2026-03-11 14:25:38.274","2026-07-30 19:17:49.257",NULL,0,0,0,0,0,0,0,0,0,0,0,11,0
32,8,DEN,Thomas,Williams,G,"Combo Guard",27,30,5,,,,Lebanon,0,74,206,28,27,27,31,30,32,35,25,27,24,25,32,72,B+,72,48,53,68,15,0,0,0,1,0,0,0,0,0,0,0,1,0,,,0,0,Reserved,Average,,,Average,,0,,0,0,,133,USD,0,0,0,157,SDC,1,0,0,0,0,0,0,0,0,0,0,0,0,0,0,0,0,20,6,5,0,0,32,"2026-03-11 14:25:34.683","2026-07-30 19:11:08.833",NULL,0,0,0,0,0,0,0,0,0,0,0,28,0
3120,8,"Denver Nuggets",Stephen,Williams,F,"Point Forward",32,29,10,,,,Brazil,0,80,235,38,38,40,46,40,41,39,36,36,38,41,35,56,C+,56,41,37,47,18,0,0,0,0,0,0,0,0,0,0,0,0,0,,,0,0,Reserved,Average,,,Average,,0,,0,0,,101,TEX,0,0,0,151,DEN,1,1,1,0,0,0,0,0,0,0,0,0,0,0,0,0,0,54.25,4,3,0,0,3120,"2026-03-11 14:25:39.098","2026-07-30 19:19:09.844",NULL,0,0,0,0,0,0,0,0,0,0,0,40,0
1586,8,"Denver Nuggets",Ling,Wood,G,"Combo Guard",25,26,3,,,,China,3,75,204,24,31,27,41,21,29,27,15,22,15,16,20,55,A+,98,40,73,11,17,1,1,1,0,0,0,1,0,0,0,0,4,0,,,0,0,Average,Average,Average,,"Film Room Genius",Average,0,,0,0,,90,SJSU,0,0,0,0,,1,0,0,0,0,0,0,0,0,0,0,0,0,0,0,0,0,10,7,6,0,0,1586,"2026-03-11 14:25:37.165","2026-07-30 19:16:11.373",NULL,0,0,0,0,0,0,0,0,0,0,0,34,0
584,8,"Denver Nuggets",Phong,Moy,F,Two-Way,25,24,2,Muskogee,Hilldale,OK,USA,4,80,239,24,31,30,16,31,25,24,20,25,23,23,26,58,C,42,44,1,1,23,0,0,1,1,0,1,0,0,1,0,1,5,0,,,0,0,Paranoid,"Hates Tags",Average,,"Film Room Genius","Frequent visits to the principal",0,,0,0,,7,ARK,0,1,27,8,"Denver Nuggets",1,0,0,0,0,0,0,0,0,0,0,0,0,0,0,0,0,10,4,3,0,0,584,"2026-03-11 14:25:35.298","2026-07-30 19:12:48.276",NULL,0,0,0,0,0,0,0,0,0,0,0,24,0
3153,8,"Denver Nuggets",Jason,Morris,G,"Combo Guard",31,27,9,,,,Belgium,0,75,185,34,38,30,33,20,36,42,37,37,35,45,25,49,C,49,35,63,21,22,0,1,0,1,0,0,0,0,0,1,1,4,0,,,0,0,Impatient,Average,,,Average,,0,,0,0,,34,UGA,0,0,0,151,DEN,1,0,0,0,0,0,0,0,0,0,0,0,0,0,0,0,0,20,5,4,0,0,3153,"2026-03-11 14:25:39.098","2026-07-30 19:19:18.957",NULL,0,0,0,0,0,0,0,0,0,0,0,32,0
3410,8,"Denver Nuggets",Timothy,Martinez,F,"Point Forward",30,27,8,,,,Lebanon,0,78,212,32,41,21,46,30,38,36,32,30,25,21,33,76,A-,76,38,37,63,27,1,0,1,0,0,1,0,1,1,0,0,5,0,,,0,0,Average,Average,,,Average,,0,,0,0,,22,CLEM,0,0,0,151,DEN,1,0,0,0,0,0,0,0,0,0,0,0,0,0,0,0,0,20,5,4,0,0,3410,"2026-03-11 14:25:39.715","2026-07-30 19:20:02.218",NULL,0,0,0,0,0,0,0,0,0,0,0,34,0
607,8,"Denver Nuggets",Brent,Toney,F,"Small Forward",26,27,3,Eagar,"Round Valley",AZ,USA,3,77,226,23,30,29,21,28,20,13,20,21,28,21,33,44,A+,83,42,58,21,22,0,0,0,0,0,0,0,0,0,0,1,1,0,,,0,0,Average,Average,Average,,"Skips Leg Day",Average,0,,0,0,,9,ARMY,0,0,0,0,,1,0,0,0,0,0,0,0,0,0,0,0,0,0,0,0,0,1.7,5,4,0,0,607,"2026-03-11 14:25:35.298","2026-07-30 19:12:52.720",NULL,0,0,0,0,0,0,0,0,0,0,0,23,0
613,8,"Denver Nuggets",John,Schall,C,"Post Scorer",24,27,1,Eldridge,"North Scott",IA,USA,2,85,265,24,32,12,12,10,12,7,40,26,38,40,29,100,B-,57,47,1,1,0,0,0,0,0,1,0,1,1,0,0,0,3,0,,,0,0,Average,Average,Average,,Average,Average,0,,0,0,,9,ARMY,0,1,30,8,"Denver Nuggets",1,0,0,0,0,0,0,0,0,0,0,0,0,0,0,0,0,10,0,0,0,0,613,"2026-03-11 14:25:35.298","2026-07-30 19:12:54.465",NULL,0,0,0,0,0,0,0,0,0,0,0,27,0
8042,8,"Denver Nuggets",Jason,Smith,C,"Post Scorer",20,0,0,Seward,Seward,NE,USA,4,85,217,23,28,18,20,16,22,24,19,28,25,27,28,80,C,47,39,1,1,0,1,0,0,1,0,1,0,0,1,1,1,6,0,,,0,0,Average,Average,Average,,"Footwork king","Sits at the back of the class",0,,0,0,,67,NEB,237,1,22,8,"Denver Nuggets",1,0,0,0,0,0,0,0,0,0,0,0,0,0,0,0,0,0,0,0,0,0,8042,"2026-09-01 19:38:21.864","2026-09-01 19:38:21.864",NULL,0,0,0,0,0,0,0,0,0,0,0,23,0
3218,8,"Denver Nuggets",Victor,Clark,F,"Power Forward",29,28,7,,,,Israel,0,77,221,30,31,34,33,27,32,29,30,30,29,29,32,45,C,45,48,68,47,25,0,0,1,0,0,0,0,0,0,0,1,2,0,,,0,0,Average,Market-driven,,,Persistant,,0,,0,0,,18,CAL,0,0,0,151,DEN,1,0,0,0,0,0,0,0,0,0,0,0,0,0,0,0,0,20,5,4,0,0,3218,"2026-03-11 14:25:39.098","2026-07-30 19:19:30.951",NULL,0,0,0,0,0,0,0,0,0,0,0,32,0
1691,8,"Denver Nuggets",Lee,Diaz,F,"Point Forward",26,26,3,Athens,"Cedar Shoals",GA,USA,2,79,258,27,34,21,35,33,25,22,27,24,27,33,28,97,C+,50,41,63,68,15,0,0,1,1,1,1,0,0,0,1,0,5,0,,,0,0,Average,Average,Average,,Average,Average,0,,0,0,,99,TEMP,0,0,0,0,,1,0,0,0,0,0,0,0,0,0,0,0,0,0,0,0,0,20,7,6,0,0,1691,"2026-03-11 14:25:37.165","2026-07-30 19:16:32.504",NULL,0,0,0,0,0,0,0,0,0,0,0,25,0
1948,8,"Denver Nuggets",Derek,Windle,G,"Combo Guard",26,25,3,Paintsville,Paintsville,KY,USA,4,72,204,28,29,30,35,30,29,37,19,30,20,25,23,85,A+,92,33,63,37,16,0,0,0,0,0,0,0,0,0,0,0,0,0,,,0,0,Impatient,"Championship seeking",Average,,Average,Average,0,,0,0,,120,VAND,27,1,27,8,"Denver Nuggets",1,0,0,0,0,0,0,0,0,0,0,0,0,0,0,0,0,10,4,3,0,0,1948,"2026-03-11 14:25:38.274","2026-07-30 19:17:24.122",NULL,0,0,0,0,0,0,0,0,0,0,0,30,0
3251,8,DEN,Ralph,Olson,G,Slasher,31,30,9,,,,Angola,0,73,197,40,42,39,32,40,37,38,37,41,42,46,47,84,A,84,47,27,68,30,0,1,0,1,0,0,0,0,1,1,0,4,0,,,0,0,Average,"Championship seeking",,,"Track Athlete",,0,,0,0,,55,UMD,0,0,0,176,WAS,1,1,1,0,0,0,0,0,0,0,0,0,0,0,0,0,0,46.5,4,3,0,0,3251,"2026-03-11 14:25:39.098","2026-07-30 19:19:37.153",NULL,0,0,0,0,0,0,0,0,0,0,0,42,0
3267,8,"Denver Nuggets",Nicholas,Robinson,F,Two-Way,28,26,6,,,,Scotland,0,77,220,33,35,26,28,38,32,39,29,35,34,33,35,64,B,64,41,84,47,23,0,0,0,1,0,0,0,0,0,0,0,1,0,,,0,0,Average,Average,,,Average,,0,,0,0,,33,FRES,0,0,0,151,DEN,1,0,0,0,0,0,0,0,0,0,0,0,0,0,0,0,0,20,4,3,0,0,3267,"2026-03-11 14:25:39.715","2026-07-30 19:19:39.795",NULL,0,0,0,0,0,0,0,0,0,0,0,36,0
8182,8,"Denver Nuggets",Desmond,Fraser,F,"Small Forward",20,0,0,Lynden,"Lynden Christian",WA,USA,5,77,216,23,23,17,27,35,22,24,17,24,19,24,22,59,B,55,36,1,1,0,0,0,1,1,1,1,0,1,0,1,0,6,0,,,0,0,"Book Worm",Average,Legacy,,Average,"Seeks out tutoring",0,,0,0,,24,COLO,270,2,22,8,"Denver Nuggets",1,0,0,0,0,0,0,0,0,0,0,0,0,0,0,0,0,0,0,0,0,0,8182,"2026-09-01 19:38:50.327","2026-09-01 19:38:50.327",NULL,0,0,0,0,0,0,0,0,0,0,0,23,0
515,9,"Detroit Pistons",Mark,Lawler,F,"Power Forward",26,27,3,,,,Montenegro,3,79,241,30,31,33,22,40,29,32,35,29,29,28,32,95,F,16,40,58,58,26,0,0,1,1,1,1,1,0,1,0,1,7,0,,,0,0,Average,Average,"Prefers to play in a different state",,Average,"Class Clown",0,,0,0,,2,AKRN,71,2,71,9,"Detroit Pistons",1,1,0,0,0,0,0,0,0,0,0,0,0,0,0,1,0,31,7,6,0,0,515,"2026-03-11 14:25:35.298","2026-07-30 19:12:33.834",NULL,0,0,0,0,0,0,0,0,0,0,0,28,0
791,9,"Detroit Pistons",Daniel,Sanchez,C,"Rim Protector",25,28,2,,,,"French Guiana",4,84,258,27,43,17,24,27,25,15,34,24,28,28,28,82,A,76,45,1,1,19,1,0,1,0,0,0,1,0,0,0,0,3,0,,,0,0,Average,Average,Average,,"Footwork king","Values academics",0,,0,0,,23,CCU,0,2,34,9,"Detroit Pistons",1,0,0,0,0,0,0,0,0,0,0,0,0,0,0,1,0,20,7,6,0,0,791,"2026-03-11 14:25:35.298","2026-07-30 19:13:30.572",NULL,0,0,0,0,0,0,0,0,0,0,0,31,0
45,9,"Detroit Pistons",Harold,Walker,F,"Point Forward",27,26,5,,,,Morocco,0,78,235,32,27,25,28,32,29,30,42,35,37,36,36,66,B,66,48,27,47,21,1,0,0,1,0,0,1,0,0,0,0,3,0,,,0,0,Narcissist,Adversarial,,,Average,,0,,0,0,,69,UNM,0,0,0,152,DET,1,1,0,0,0,0,0,0,0,0,0,0,0,0,0,0,0,31,5,4,0,0,45,"2026-03-11 14:25:34.683","2026-07-30 19:11:11.464",NULL,0,0,0,0,0,0,0,0,0,0,0,34,0
8752,9,"Detroit Pistons",Chaga,Mncwabe,G,"Combo Guard",24,27,2,,,,Madagascar,3,74,184,22,25,19,30,8,23,19,37,22,25,7,39,73,A-,54,42,42,58,2,1,0,1,0,0,0,1,0,0,0,1,4,0,,,0,0,Average,Average,Average,,Average,"Didn't come here to play school",0,,0,0,,83,Opava,203,2,46,9,"Detroit Pistons",1,0,0,0,0,0,0,0,0,0,0,1,1,1,0,0,0,10,7,3,0,0,8752,"2026-03-11 14:25:44.066","2026-07-30 19:28:59.350",NULL,0,0,0,0,0,0,0,0,0,0,0,23,0
1841,9,"Detroit Pistons",Daniel,Musselwhite,F,Two-Way,23,0,0,Rochester,"Aquinas Institute",NY,USA,4,80,234,24,15,39,17,28,22,15,31,23,24,24,27,79,A-,67,41,1,1,0,0,1,0,1,1,0,0,0,0,0,0,3,0,,,0,0,Uncooperative,Average,Average,,Average,Average,0,,0,0,,111,UCLA,234,1,25,9,"Detroit Pistons",1,0,0,0,0,0,0,0,0,0,0,0,0,0,0,0,0,0,0,0,0,0,1841,"2026-09-01 19:38:24.404","2026-09-01 19:38:24.404",NULL,0,0,0,0,0,0,0,0,0,0,0,29,0
1847,9,DET,Michael,Foster,C,"Post Scorer",25,25,3,"Sioux Falls",Washington,SD,USA,3,81,236,25,26,16,14,17,24,41,33,33,28,25,29,100,A+,93,43,58,27,10,0,0,0,0,0,1,0,0,0,0,0,1,0,,,0,0,Focused,Average,Average,,Average,Average,23,PHI,0,0,,112,CONN,0,0,0,0,,1,0,0,0,0,0,0,0,0,0,0,0,0,0,0,0,0,20,4,3,0,0,1847,"2026-03-11 14:25:37.165","2026-07-30 19:17:04.162",NULL,0,0,0,0,0,0,0,0,0,0,0,18,0
3194,9,DET,Dario,Dunne,G,"Point Guard",32,30,10,,,,Denmark,0,76,190,40,41,36,42,38,44,50,37,44,34,32,41,88,A,88,44,63,37,29,0,0,0,0,1,0,0,0,0,0,0,1,0,,,0,0,Average,Average,,,Hard-working,,0,,0,0,,4,APST,0,0,0,177,BOS,1,1,0,0,0,0,0,0,0,0,0,1,0,0,0,0,0,46.5,5,4,0,0,3194,"2026-03-11 14:25:39.098","2026-07-30 19:19:26.868",NULL,0,0,0,0,0,0,0,0,0,0,0,42,0
7812,9,"Detroit Pistons",Philip,Thibodeaux,C,"Rim Protector",20,0,0,Wingate,"Bald Eagle Area",PA,USA,5,81,232,22,25,12,21,20,18,26,41,20,25,25,6,82,A+,77,30,1,1,0,1,0,1,1,1,1,1,0,1,1,0,8,0,,,0,0,Average,Average,Average,,Average,Average,0,,0,0,,111,UCLA,267,2,13,9,"Detroit Pistons",1,0,0,0,0,0,0,0,0,0,0,0,0,0,0,0,0,0,0,0,0,0,7812,"2026-09-01 19:38:42.085","2026-09-01 19:38:42.085",NULL,0,0,0,0,0,0,0,0,0,0,0,27,0
142,9,"Detroit Pistons",Matthew,Scott,F,"Point Forward",26,28,3,Yakima,"West Valley",WA,USA,4,79,216,26,25,22,24,26,20,28,23,31,29,33,29,71,B,54,48,63,32,20,0,0,0,1,1,1,1,0,0,1,1,6,0,,,0,0,Average,"Drafted team discount",Average,,Average,"Studies hard",0,,0,0,,135,VCU,57,2,57,9,"Detroit Pistons",1,0,0,0,0,0,0,0,0,0,0,0,0,0,0,1,0,10,5,4,0,0,142,"2026-03-11 14:25:34.683","2026-07-30 19:11:32.890",NULL,0,0,0,0,0,0,0,0,0,0,0,27,0
3219,9,"Detroit Pistons",Terry,Gonzales,F,Two-Way,28,27,6,,,,Cameroon,0,77,219,33,28,34,24,35,31,29,41,32,40,31,44,50,C,50,47,6,79,18,0,1,0,0,1,0,1,1,0,0,1,5,0,,,0,0,Average,"Wants extensions",,,Average,,0,,0,0,,121,UVA,0,0,0,152,DET,1,1,0,0,0,0,0,0,0,0,0,0,0,0,0,0,0,31,6,5,0,0,3219,"2026-03-11 14:25:39.098","2026-07-30 19:19:31.239",NULL,0,0,0,0,0,0,0,0,0,0,0,35,0
671,9,"Detroit Pistons",Albert,West,G,"Point Guard",26,25,3,Salem,Salem,NH,USA,2,76,198,30,20,33,25,34,27,34,21,33,28,36,34,83,B+,60,37,63,37,22,0,0,0,1,0,1,1,1,0,1,0,5,0,,,0,0,Average,Average,Multi-Sport,,Average,Average,0,,0,0,,14,BC,24,1,24,9,"Detroit Pistons",1,0,0,0,0,0,0,0,0,0,0,0,0,0,0,0,0,20,7,6,0,0,671,"2026-03-11 14:25:35.298","2026-07-30 19:13:05.735",NULL,0,0,0,0,0,0,0,0,0,0,0,32,0
3256,9,"Detroit Pistons",Ernest,Torres,C,"Rim Protector",28,26,6,,,,Turkmenistan,0,83,253,32,32,29,39,30,31,34,30,34,31,36,32,47,C,47,45,47,63,22,0,0,1,1,0,0,1,0,0,0,1,4,0,,,0,0,Average,"Drafted team discount",,,Average,,9,DET,0,0,,3,BAMA,0,0,0,152,DET,1,1,0,0,0,0,0,0,0,0,0,0,0,0,0,0,0,31,5,4,2,0,3256,"2026-03-11 14:25:39.098","2026-07-30 19:19:38.344",NULL,0,0,0,0,0,0,0,0,0,0,0,34,0
9169,9,"Detroit Pistons",Hikmat,Shariq,G,3-and-D,24,29,2,,,,Lebanon,2,75,203,22,30,14,32,13,29,41,35,22,17,9,10,95,A+,58,47,73,47,9,1,0,1,0,0,1,1,0,1,0,0,5,0,,,0,0,Cooperative,"Drafted team discount",Average,,Average,Average,0,,0,0,,70,"Melbourne United",170,1,14,9,"Detroit Pistons",1,0,0,0,0,0,0,0,0,0,0,1,1,1,0,0,0,20,7,4,0,0,9169,"2026-03-11 14:25:46.442","2026-07-30 19:31:02.597",NULL,0,0,0,0,0,0,0,0,0,0,0,21,0
9204,9,"Detroit Pistons",Yang,Lam,G,3-and-D,22,28,2,,,,China,5,70,213,28,41,31,27,31,33,34,27,24,25,27,19,63,B-,46,42,73,79,14,1,0,1,1,1,1,1,0,0,1,0,7,0,,,0,0,Average,Average,Open-Minded,,"Focuses on Max Weight",Average,0,,0,0,,9,"Detroit Pistons",106,1,4,9,"Detroit Pistons",1,1,0,0,0,0,0,0,0,0,0,0,0,0,0,0,0,31,4,3,0,0,9204,"2026-03-11 14:25:46.442","2026-07-30 19:31:12.880",NULL,0,0,0,0,0,0,0,0,0,0,0,24,0
263,10,"Golden State Warriors",Dustin,Cook,G,"Combo Guard",24,0,0,Griffin,Spalding,GA,USA,3,71,180,25,17,30,27,28,30,34,11,28,22,16,34,80,A,76,39,1,1,0,0,1,0,0,1,1,1,0,0,1,1,6,0,,,0,0,Average,Average,Average,,Average,Average,0,,0,0,,91,SMU,229,1,6,10,"Golden State Warriors",1,0,0,0,0,0,0,0,0,0,0,0,0,0,0,0,0,0,0,0,0,0,263,"2026-09-01 19:38:08.024","2026-09-01 19:38:08.024",NULL,0,0,0,0,0,0,0,0,0,0,0,22,0
3121,10,GSW,Jeremy,Phillips,C,"Stretch Center",33,28,11,,,,HK,0,84,263,37,47,29,42,31,38,40,38,37,36,39,35,66,B,66,39,53,47,14,0,0,1,0,0,0,1,1,1,1,1,6,0,,,0,0,Average,Average,,,Average,,0,,0,0,,53,LSU,0,0,0,153,GSW,1,1,1,0,0,0,0,0,0,0,0,1,0,0,0,0,0,54.25,3,2,0,0,3121,"2026-03-11 14:25:39.098","2026-09-19 16:00:09.507",NULL,0,0,0,0,0,0,0,0,0,0,0,40,0
3139,10,GSW,Christopher,Clark,G,"Point Guard",29,26,7,,,,Angola,0,74,203,36,34,40,26,43,36,45,35,40,33,31,35,45,C,45,38,73,63,21,1,0,0,0,0,0,0,0,0,0,1,2,0,,,0,0,Average,Average,,,Average,,0,,0,0,,126,WVU,0,0,0,176,WAS,1,1,0,0,0,0,0,0,0,0,0,1,0,0,0,0,0,38.75,5,4,0,0,3139,"2026-03-11 14:25:39.098","2026-09-19 16:00:11.074",NULL,0,0,0,0,0,0,0,0,0,0,0,40,1
3141,10,GSW,Brian,Mitchell,G,"Combo Guard",33,30,11,,,,Vietnam,0,74,184,37,39,44,34,43,37,39,38,35,37,34,36,29,D,29,42,68,32,29,0,1,0,0,0,0,0,0,0,0,1,2,0,,,0,0,Average,"Hometown hero",,,"Streams too much",,5,CHI,0,0,,52,LOU,0,0,0,149,CHI,1,0,0,0,0,0,0,0,0,0,0,1,0,0,0,0,0,20,5,4,0,0,3141,"2026-03-11 14:25:39.098","2026-09-19 16:00:10.409",NULL,0,0,0,0,0,0,0,0,0,0,0,38,0
354,10,"Golden State Warriors",Harley,Harden,F,Swingman,24,28,1,,,,Serbia,3,77,222,21,39,15,41,12,25,17,18,18,17,22,19,88,C+,44,45,1,1,0,1,0,1,0,0,1,1,0,1,1,0,6,0,,,0,0,Average,Average,Average,,Average,Average,0,,0,0,,144,PORT,0,2,43,10,"Golden State Warriors",1,0,0,0,0,0,0,0,0,0,0,0,0,0,0,0,0,10,0,0,0,0,354,"2026-03-11 14:25:35.298","2026-07-30 19:12:19.396",NULL,0,0,0,0,0,0,0,0,0,0,0,24,0
3181,10,GSW,Joe,Long,G,"Point Guard",31,28,9,,,,"South Korea",0,73,192,35,42,38,37,31,36,34,33,35,35,44,31,64,B,64,39,42,58,24,0,0,0,0,1,0,0,1,0,0,0,2,0,,,0,0,Average,"I'm the starter",,,Average,,19,NOP,0,0,,145,SEAU,0,0,0,169,SAC,1,0,0,0,0,0,0,0,0,0,0,1,0,0,0,0,0,20,4,3,0,0,3181,"2026-03-11 14:25:39.098","2026-09-19 16:00:13.805",NULL,0,0,0,0,0,0,0,0,0,0,0,35,1
116,10,"Golden State Warriors",Jeramy,Booth,F,Two-Way,25,30,2,"Santa Rosa","Cardinal Newman",CA,USA,3,79,250,24,26,25,21,29,22,20,26,23,27,17,29,67,B-,46,42,1,1,17,1,1,1,1,0,0,1,0,0,0,0,5,0,,,0,0,Reserved,"Hates Tags",Average,,Average,Average,0,,0,0,,129,WISC,0,1,29,10,"Golden State Warriors",1,0,0,0,0,0,0,0,0,0,0,0,0,0,0,0,0,10,5,4,0,0,116,"2026-03-11 14:25:34.683","2026-07-30 19:11:27.077",NULL,0,0,0,0,0,0,0,0,0,0,0,20,0
3478,10,"Golden State Warriors",Howard,Johnson,C,"Post Scorer",28,25,6,,,,China,0,81,242,30,31,20,37,30,28,29,39,32,31,35,23,64,B,64,43,63,53,13,0,0,1,1,0,1,1,0,1,0,0,5,0,,,0,0,Stoic,"I'm the starter",,,Average,,10,GSW,0,0,,32,FSU,0,0,0,169,SAC,1,0,0,0,0,0,0,0,0,0,0,0,0,0,0,0,0,20,4,3,0,0,3478,"2026-03-11 14:25:39.715","2026-07-30 19:20:13.849",NULL,0,0,0,0,0,0,0,0,0,0,0,29,0
3257,10,"Golden State Warriors",William,Davis,G,"Combo Guard",32,28,10,,,,Singapore,0,74,206,36,37,50,29,44,36,35,38,33,34,37,31,65,B,65,36,68,68,15,0,1,1,1,1,0,0,1,0,1,0,6,0,,,0,0,Average,Average,,,Complacent,,10,GSW,0,0,,96,STAN,0,0,0,153,GSW,1,0,0,0,0,0,0,0,0,0,0,0,0,0,0,0,0,20,7,6,0,0,3257,"2026-03-11 14:25:39.098","2026-07-30 19:19:38.632",NULL,0,0,0,0,0,0,0,0,0,0,0,43,0
711,10,"Golden State Warriors",Andrew,Brettin,F,"Power Forward",26,28,3,Middletown,Middletown,CT,USA,4,80,207,27,28,34,23,32,29,25,34,24,28,23,24,47,A,71,38,63,53,20,0,1,1,0,0,0,0,0,0,0,0,2,0,,,0,0,Average,Average,Average,,Average,Average,0,,0,0,,17,BYU,63,2,63,10,"Golden State Warriors",1,0,0,0,0,0,0,0,0,0,0,0,0,0,0,1,0,20,5,4,0,0,711,"2026-03-11 14:25:35.298","2026-07-30 19:13:14.011",NULL,0,0,0,0,0,0,0,0,0,0,0,29,0
209,10,"Golden State Warriors",Billy,Morgan,C,"Stretch Center",24,0,0,Lathrop,Lathrop,MO,USA,3,82,222,22,26,16,20,9,22,25,18,30,25,24,40,86,C+,45,36,1,1,0,1,0,0,0,0,0,0,0,0,0,1,2,0,,,0,0,Outgoing,Adversarial,Average,,"Focuses on Max Weight",Average,0,,0,0,,137,SBON,260,2,6,10,"Golden State Warriors",1,0,0,0,0,0,0,0,0,0,0,0,0,0,0,0,0,0,0,0,0,0,209,"2026-09-01 19:38:35.823","2026-09-01 19:38:35.823",NULL,0,0,0,0,0,0,0,0,0,0,0,23,0
3303,10,"Golden State Warriors",Santiago,Schultz,F,"Small Forward",29,25,7,,,,Lithuania,0,80,242,27,24,28,21,27,27,33,30,29,26,21,31,42,C-,42,37,58,32,15,1,1,0,1,0,0,0,0,0,1,1,5,0,,,0,0,Average,Average,,,Average,,21,OKC,0,0,,0,Australia,0,0,0,164,OKC,1,0,0,0,0,0,0,0,0,0,0,0,0,0,0,0,0,2.2,4,3,0,0,3303,"2026-03-11 14:25:39.715","2026-07-30 19:19:45.680",NULL,0,0,0,0,0,0,0,0,0,0,0,25,0
3319,10,"Golden State Warriors",Steven,Watson,G,"Point Guard",28,25,6,,,,Argentina,0,75,219,24,32,22,31,20,26,28,22,26,21,26,19,37,D+,37,37,73,68,12,1,0,0,0,0,0,0,0,0,0,0,1,0,,,0,0,Average,Average,,,"Working-Class mentality",,0,,0,0,,24,COLO,0,0,0,153,GSW,1,0,0,0,0,0,0,0,0,0,0,0,0,0,0,0,0,2,4,3,0,0,3319,"2026-03-11 14:25:39.715","2026-07-30 19:19:47.724",NULL,0,0,0,0,0,0,0,0,0,0,0,26,1
1798,11,"Houston Rockets",Peter,Cannady,F,"Power Forward",24,25,3,Marshall,Marshall,MN,USA,4,79,239,27,30,37,21,50,30,20,28,20,25,20,25,98,A+,84,38,42,53,8,0,0,0,1,0,0,0,0,1,0,1,3,0,,,0,0,Reliable,Average,Average,,Average,"Didn't come here to play school",0,,0,0,,108,TULS,0,0,0,0,,1,0,0,0,1,0,0,0,0,0,0,0,0,0,0,0,0,20,5,4,0,0,1798,"2026-03-11 14:25:37.165","2026-09-22 16:39:38.050",NULL,0,0,0,0,0,0,0,0,0,0,0,27,0
7948,11,"Houston Rockets",Ricardo,Garcia,C,"Stretch Center",20,0,0,Auburn,Placer,CA,USA,5,82,249,21,35,23,15,24,22,18,28,20,21,28,6,48,C-,26,30,1,1,0,1,0,0,1,1,1,1,0,1,1,0,7,0,,,0,0,Eccentric,"Wants extensions",Average,,Average,"More likely to get academic probation",0,,0,0,,125,WAST,258,2,28,11,"Houston Rockets",1,0,0,0,1,0,0,0,0,0,0,0,0,0,0,0,0,0,0,0,0,0,7948,"2026-09-01 19:38:55.637","2026-09-22 16:39:54.132",NULL,0,0,0,0,0,0,0,0,0,0,0,22,0
1550,11,"Houston Rockets",Frederick,English,G,All-Around,24,24,2,"North Las Vegas",Cheyenne,NV,USA,3,75,203,26,29,38,47,23,35,33,6,25,15,16,23,96,C,35,37,1,1,14,1,1,1,0,0,1,0,1,1,1,1,8,0,,,0,0,Average,Average,Average,,Persistant,"Sits at the back of the class",0,,0,0,,87,RICE,0,1,16,11,"Houston Rockets",1,0,0,0,0,0,0,0,0,0,0,0,0,0,0,0,0,10,4,3,0,0,1550,"2026-03-11 14:25:37.165","2026-07-30 19:16:04.176",NULL,0,0,0,0,0,0,0,0,0,0,0,26,0
527,11,HOU,Michael,Gorton,G,"Point Guard",26,29,3,"Greenwood Village","Cherry Creek",CO,USA,2,72,196,28,19,29,29,47,27,33,16,29,24,20,31,96,A+,90,42,42,73,15,0,0,0,1,0,1,0,0,0,1,1,4,0,,,0,0,Narcissist,Average,"Prefers to play for a team where he can start immediately",,Average,"Class Clown",0,,0,0,,3,BAMA,0,0,0,0,,1,0,0,0,0,0,0,0,0,0,0,0,0,0,0,0,0,10,4,3,0,0,527,"2026-03-11 14:25:35.298","2026-07-30 19:12:36.170",NULL,0,0,0,0,0,0,0,0,0,0,0,26,1
529,11,HOU,Reginald,Dawson,F,"Small Forward",26,26,3,,,,Senegal,2,80,239,27,26,46,30,30,29,22,29,22,26,22,26,89,C-,22,47,58,58,24,0,1,1,0,0,0,1,1,0,0,1,5,0,,,0,0,Average,Average,Average,,Average,"Has other priorities",0,,0,0,,3,BAMA,0,0,0,0,,1,0,0,0,0,0,0,0,0,0,0,1,0,0,0,0,0,10,4,3,0,0,529,"2026-03-11 14:25:35.298","2026-07-30 19:12:36.772",NULL,0,0,0,0,0,0,0,0,0,0,0,32,0
1557,11,HOU,David,Groce,G,All-Around,26,29,3,,,,Greece,3,74,213,28,29,26,41,26,33,35,20,30,22,21,27,81,C+,54,43,37,63,17,0,0,1,1,1,1,1,0,0,1,1,7,0,,,0,0,Average,Average,Average,,Average,Average,14,SDC,0,0,,0,RUGT,0,0,0,0,,1,0,0,0,0,0,0,0,0,0,0,1,0,0,0,0,0,20,6,5,0,0,1557,"2026-03-11 14:25:37.165","2026-07-30 19:16:05.065",NULL,0,0,0,0,0,0,0,0,0,0,0,27,0
6939,11,"Houston Rockets",Joon-Woo,Kang,F,"Small Forward",21,30,1,"Huntington Beach","Huntington Beach",CA,USA,5,77,238,25,28,27,26,25,26,23,23,25,25,19,31,70,B+,70,39,1,1,0,0,0,0,1,0,1,0,1,1,0,1,5,0,,,0,0,Focused,Market-driven,"Prefers to play for a team where he can start immediately",,"Film Room Genius","Values academics",0,,0,0,,47,UKEN,0,1,20,11,"Houston Rockets",1,0,0,0,0,0,0,1,0,0,0,0,0,0,0,0,0,10,0,0,0,0,6939,"2026-03-11 14:25:42.819","2026-09-28 14:25:13.870",NULL,0,0,0,0,0,0,0,0,0,0,0,23,0
810,11,"Houston Rockets",Pablo,Lopez,C,"Post Scorer",26,29,3,Reno,Galena,NV,USA,3,85,241,28,29,21,14,19,25,29,34,34,35,37,33,94,C+,41,43,63,42,14,0,0,0,0,0,0,0,0,1,0,0,1,0,,,0,0,Average,Average,"Prefers to play in a different state",,Quiet,Average,0,,0,0,,26,DUKE,0,0,0,0,,1,0,0,0,0,0,0,0,0,0,0,0,0,0,0,0,0,20,7,6,0,0,810,"2026-03-11 14:25:35.918","2026-07-30 19:13:33.828",NULL,0,0,0,0,0,0,0,0,0,0,0,32,0
9258,11,"Houston Rockets",Buru,Mthiya,G,"Point Guard",22,28,2,,,,Mali,3,76,201,23,33,34,15,15,30,29,8,26,19,45,4,92,A,49,40,58,53,8,1,1,0,0,1,0,0,1,0,1,0,5,0,,,0,0,Average,Average,Average,,Average,Average,0,,0,0,,159,"BC Dnipro",194,2,41,11,"Houston Rockets",1,0,0,0,1,0,0,0,0,0,0,1,1,1,0,0,0,10,7,2,0,0,9258,"2026-03-11 14:25:46.442","2026-09-22 16:40:09.073",NULL,0,0,0,0,0,0,0,0,0,0,0,14,0
825,11,"Houston Rockets",Ryan,Dudley,C,"Post Scorer",26,26,3,"River Falls","River Falls",WI,USA,3,83,247,25,50,14,3,13,24,17,26,30,29,29,38,85,A+,98,37,63,63,16,1,0,0,0,1,0,0,0,0,0,0,2,0,,,0,0,Stoic,Average,"Wants that NIL money",,"Track Athlete",Average,0,,0,0,,27,ECU,0,0,0,0,,1,0,0,0,1,0,0,0,0,0,0,0,0,0,0,0,0,20,6,5,0,0,825,"2026-03-11 14:25:35.918","2026-09-22 16:39:33.345",NULL,0,0,0,0,0,0,0,0,0,0,0,23,0
1871,11,HOU,Vladimir,Underhill,F,"Small Forward",26,30,3,Fredericksburg,"Fredericksburg Christian",VA,USA,4,80,213,25,35,31,17,30,24,23,26,22,25,17,33,69,D+,23,48,53,32,21,0,0,0,0,0,0,0,1,0,0,0,1,0,,,0,0,Average,Average,"Prefers to play for a team with a rich history",,"Trolls on Discord",Average,0,,0,0,,114,UNLV,69,2,69,7,"Dallas Mavericks",1,0,0,0,0,0,0,1,0,0,0,1,0,0,0,0,0,10,5,4,0,0,1871,"2026-03-11 14:25:37.165","2026-09-28 14:24:39.164",NULL,0,0,0,0,0,0,0,0,0,0,0,26,0
3182,11,HOU,Joshua,Russell,F,"Point Forward",31,26,9,,,,England,0,78,205,34,33,34,27,44,36,33,29,35,33,31,44,83,A,83,37,37,53,9,0,0,0,0,1,0,0,0,0,0,0,1,0,,,0,0,Cooperative,Adversarial,,,Average,,0,,0,0,,122,VT,0,0,0,170,SAS,1,0,0,0,0,0,0,0,0,0,0,1,0,0,0,0,0,10,7,6,0,0,3182,"2026-03-11 14:25:39.098","2026-09-19 16:00:17.519",NULL,0,0,0,0,0,0,0,0,0,0,0,34,0
1180,11,HOU,Craig,Fisher,F,Two-Way,26,26,3,Casper,"Natrona County",WY,USA,1,77,217,27,32,31,15,31,22,20,15,30,29,38,34,95,C-,23,48,32,37,18,0,0,0,0,1,1,1,1,0,1,1,6,0,,,0,0,Average,Average,Average,,Quiet,Average,0,,0,0,,57,MIAF,0,0,0,0,,1,0,0,0,0,0,0,0,0,0,0,1,0,0,0,0,0,10,5,4,0,0,1180,"2026-03-11 14:25:36.540","2026-07-30 19:14:48.581",NULL,0,0,0,0,0,0,0,0,0,0,0,37,0
673,11,"Houston Rockets",Kevin,Downs,C,"Rim Protector",25,28,3,Nashville,"Christ Presbyterian Academy",TN,USA,3,85,234,28,30,22,20,22,25,31,27,34,33,34,36,91,A+,79,48,63,27,13,0,0,0,0,0,1,0,0,0,1,0,2,0,,,0,0,Average,"Drafted team discount",Average,,"Track Athlete",Average,0,,0,0,,14,BC,0,0,0,0,,1,0,0,0,0,0,0,0,0,0,0,0,0,0,0,0,0,20,6,5,0,0,673,"2026-03-11 14:25:35.298","2026-07-30 19:13:06.312",NULL,0,0,0,0,0,0,0,0,0,0,0,28,0
3242,11,HOU,Wayne,Smith,G,"Shooting Guard",32,30,10,,,,Vietnam,0,75,210,36,33,35,43,37,37,35,30,38,38,41,35,40,C-,40,46,21,68,18,0,1,0,1,1,0,0,0,1,0,0,4,0,,,0,0,Average,Average,,,Average,,17,MIL,0,0,,43,IAST,0,0,0,160,MIL,1,0,0,0,0,0,0,0,0,0,0,1,0,0,0,0,0,20,6,5,0,0,3242,"2026-03-11 14:25:39.098","2026-09-19 16:00:11.619",NULL,0,0,0,0,0,0,0,0,0,0,0,34,1
3258,11,HOU,Peter,Marshall,G,3-and-D,34,29,12,,,,Algeria,0,71,191,35,38,33,44,36,36,32,34,31,37,29,40,66,B,66,33,47,68,16,0,0,1,0,1,0,0,0,0,0,0,2,0,,,0,0,"Book Worm",Average,,,"Trolls on Discord",,0,,0,0,,12,BAYL,0,0,0,41,IND,1,0,0,0,0,0,0,0,0,0,0,1,0,0,0,0,0,2.5,6,5,0,0,3258,"2026-03-11 14:25:39.098","2026-09-19 16:00:14.935",NULL,0,0,0,0,0,0,0,0,0,0,0,36,0
1997,11,"Houston Rockets",Phu,Zhang,G,"Point Guard",23,0,0,,,,India,2,71,203,22,15,22,26,23,22,27,7,26,18,26,23,90,B+,55,41,1,1,0,0,0,1,0,1,1,0,1,0,0,0,4,0,,,0,0,Average,"I'm the starter",Average,,"Focuses on Max Reps","Never Studies",0,,0,0,,123,WAKE,226,1,27,11,"Houston Rockets",1,0,0,0,0,0,0,1,0,0,0,0,0,0,0,0,0,0,0,0,0,0,1997,"2026-09-01 19:38:26.090","2026-09-28 14:25:08.250",NULL,0,0,0,0,0,0,0,0,0,0,0,21,0
8397,11,"Houston Rockets",Naaji,Mpungose,F,"Power Forward",21,25,2,,,,Mozambique,5,79,229,25,23,19,28,21,27,37,34,24,24,23,16,63,B+,53,39,47,73,2,0,0,1,0,0,1,1,0,1,1,0,5,0,,,0,0,Motivation,Average,Average,,Average,Average,0,,0,0,,103,"Ferroviario de Maputo",190,2,56,11,"Houston Rockets",1,0,0,0,1,0,0,0,0,0,0,1,1,1,0,0,0,20,7,6,0,0,8397,"2026-03-11 14:25:43.434","2026-09-22 16:40:03.585",NULL,0,0,0,0,0,0,0,0,0,0,0,32,0
3298,11,HOU,Elvis,Mckenney,F,"Point Forward",34,30,12,,,,Denmark,0,77,242,31,32,23,36,29,27,33,36,31,32,38,26,60,B-,60,36,79,42,14,0,0,0,0,0,0,0,0,0,0,0,0,0,,,0,0,Average,Average,,,Average,,0,,0,0,,63,MSST,0,0,0,154,HOU,1,0,0,0,0,0,0,0,0,0,0,1,0,0,0,0,0,2.5,4,3,0,0,3298,"2026-03-11 14:25:39.715","2026-09-20 16:00:11.537",NULL,0,0,0,0,0,0,0,0,0,0,0,33,0
7147,11,"Houston Rockets",Yufei,Cheng,G,"Point Guard",21,30,3,,,,China,5,70,191,30,19,35,38,16,32,33,17,35,30,32,37,53,B,22,43,68,58,6,0,1,1,0,0,1,0,0,0,1,1,5,0,,,0,0,Average,Average,Average,,Average,Average,0,,0,0,,53,Beijing,162,1,9,11,"Houston Rockets",1,0,0,0,0,0,0,0,0,0,0,1,1,1,0,0,0,10,7,3,0,0,7147,"2026-03-11 14:25:42.819","2026-07-30 19:26:31.666",NULL,0,0,0,0,0,0,0,0,0,0,0,21,0
3320,11,HOU,Marlin,Monahan,G,Slasher,31,28,9,,,,Egypt,0,70,192,35,32,39,39,34,37,35,34,36,36,43,30,72,B+,72,44,47,16,22,0,1,0,0,0,0,0,0,0,0,1,2,0,,,0,0,Average,"Wants extensions",,,Average,,0,,0,0,,102,TAMU,0,0,0,154,HOU,1,0,0,0,0,0,0,0,0,0,0,0,0,0,0,0,0,20,6,5,0,0,3320,"2026-03-11 14:25:39.715","2026-07-30 19:19:48.020",NULL,0,0,0,0,0,0,0,0,0,0,0,36,0
1274,11,"Houston Rockets",Brian,Benton,F,"Point Forward",25,24,2,,,,Nigeria,2,78,244,22,40,22,18,24,24,15,13,23,20,29,23,80,A,79,38,1,1,16,1,0,1,0,1,0,0,0,1,1,0,5,0,,,0,0,Average,Average,Average,,Hard-working,"Seeks out tutoring",0,,0,0,,64,MIZZ,0,2,48,11,"Houston Rockets",1,0,0,0,1,0,0,0,0,0,0,0,0,0,0,1,0,10,7,6,0,0,1274,"2026-03-11 14:25:36.540","2026-09-22 16:39:46.260",NULL,0,0,0,0,0,0,0,0,0,0,0,26,0
3113,12,IND,Ron,Hawkins,C,"Rim Protector",31,27,9,,,,Senegal,0,85,237,33,36,29,36,27,34,36,34,30,35,32,34,73,B+,73,39,53,32,22,0,0,0,0,0,0,0,0,0,0,0,0,0,,,0,0,Average,Loyal,,,Average,,19,NOP,0,0,,19,CMU,0,0,0,41,IND,1,0,0,0,0,0,0,0,0,0,0,1,0,0,0,0,0,20,4,3,0,0,3113,"2026-03-11 14:25:39.098","2026-09-19 16:00:19.043",NULL,0,0,0,0,0,0,0,0,0,0,0,34,0
2102,12,"Indiana Pacers",Jason,Anderson,C,"Post Scorer",23,0,0,Gilbert,Gilbert,AZ,USA,4,85,259,21,17,23,16,17,19,15,23,26,27,28,32,73,B-,52,44,1,1,0,0,0,0,0,0,0,0,1,0,0,0,1,0,,,0,0,Average,Average,Average,,Average,Average,0,,0,0,,141,FGCU,222,1,18,12,"Indiana Pacers",1,0,0,0,1,0,0,0,0,0,0,0,0,0,0,0,0,0,0,0,0,0,2102,"2026-09-01 19:38:18.324","2026-09-21 18:30:26.416",NULL,0,0,0,0,0,0,0,0,0,0,0,23,0
3136,12,IND,Carlos,Campbell,F,"Small Forward",32,26,10,,,,Scotland,0,78,268,31,30,34,30,22,32,38,25,35,31,32,32,68,B,68,42,16,37,15,1,0,0,0,0,0,1,0,0,0,1,3,0,,,0,0,Average,Average,,,Average,,0,,0,0,,101,TEX,0,0,0,168,POR,1,0,0,0,0,0,0,0,0,0,0,1,0,0,0,0,0,2.5,5,4,0,0,3136,"2026-03-11 14:25:39.098","2026-09-21 16:00:21.719",NULL,0,0,0,0,0,0,0,0,0,0,0,29,0
2377,12,"Indiana Pacers",Todd,Moore,F,"Point Forward",25,30,2,,,,Austria,3,79,209,25,28,35,13,19,20,11,32,25,32,26,39,92,C+,42,34,1,1,13,0,1,0,0,0,0,0,0,0,0,1,2,0,,,0,0,Average,Average,Average,,Average,Average,0,,0,0,,199,XAV,0,2,33,12,"Indiana Pacers",1,0,0,0,0,0,0,0,0,0,0,0,0,0,0,1,0,10,6,5,0,0,2377,"2026-03-11 14:25:39.098","2026-07-30 19:18:47.639",NULL,0,0,0,0,0,0,0,0,0,0,0,34,0
1377,12,"Indiana Pacers",Paul,Comstock,G,"Combo Guard",26,26,3,Fairmont,"Fairmont Senior",WV,USA,1,71,221,23,16,44,29,27,27,25,36,15,20,11,11,74,A+,93,35,42,47,10,0,1,0,0,0,0,1,0,0,0,0,2,0,,,0,0,Uncooperative,Average,Average,,Average,Studious,0,,0,0,,73,NIU,0,0,0,0,,1,0,0,0,1,0,0,0,0,0,0,1,0,0,0,0,0,10,6,5,0,0,1377,"2026-03-11 14:25:36.540","2026-09-21 18:30:57.338",NULL,0,0,0,0,0,0,0,0,0,0,0,19,0
3174,12,IND,Harry,Alexander,C,"Post Scorer",32,30,10,,,,Vietnam,0,81,238,35,36,30,36,25,34,37,35,41,37,36,46,46,C,46,39,73,68,20,0,0,0,0,0,1,0,0,0,1,1,3,0,,,0,0,Extroverted,Market-driven,,,"Focuses on Max Weight",,0,,0,0,,110,UCF,0,0,0,152,DET,1,0,0,0,0,0,0,0,0,0,0,1,0,0,0,0,0,20,5,4,0,0,3174,"2026-03-11 14:25:39.098","2026-09-19 16:00:13.299",NULL,0,0,0,0,0,0,0,0,0,0,0,40,0
8302,12,"Indiana Pacers",Chadli,Sayegh,G,Slasher,22,25,2,,,,"Saudi Arabia",4,77,198,26,24,27,19,41,24,23,43,22,29,27,16,90,A+,24,39,37,37,8,0,0,0,1,0,1,1,0,0,1,0,4,0,,,0,0,Uncooperative,Average,Average,,Average,Average,0,,0,0,,178,"Sporting Alexandria",158,1,5,12,"Indiana Pacers",1,0,0,0,0,0,0,0,0,0,0,1,1,1,0,0,0,20,7,3,0,0,8302,"2026-03-11 14:25:42.819","2026-07-30 19:26:45.883",NULL,0,0,0,0,0,0,0,0,0,0,0,33,0
1141,12,"Indiana Pacers",Matthew,Gullett,G,"Combo Guard",24,27,2,"Hoffman Estates",Conant,IL,USA,4,70,195,24,18,30,27,35,23,26,23,22,22,21,23,60,A+,100,41,1,1,8,0,0,1,1,0,0,1,0,1,0,0,4,0,,,0,0,Average,Average,Average,,Complacent,"Less likely to get academic probation",0,,0,0,,53,LSU,0,1,3,12,"Indiana Pacers",1,0,0,0,0,0,0,0,0,0,0,0,0,0,0,0,0,10,4,3,0,0,1141,"2026-03-11 14:25:35.918","2026-07-30 19:14:41.218",NULL,0,0,0,0,0,0,0,0,0,0,0,22,0
1666,12,IND,Malgorzata,Sikkink,F,Two-Way,26,28,3,,,,Israel,2,77,246,26,31,35,25,32,26,16,15,26,24,37,25,99,A+,90,38,53,53,16,0,0,0,0,0,0,0,0,1,0,0,1,0,,,0,0,Jokester,Average,Average,,Quiet,Average,0,,0,0,,97,CUSE,0,0,0,0,,1,0,0,0,0,0,0,0,0,0,0,0,0,0,0,0,0,10,7,6,0,0,1666,"2026-03-11 14:25:37.165","2026-07-30 19:16:27.212",NULL,0,0,0,0,0,0,0,0,0,0,0,26,0
1456,12,"Indiana Pacers",Paulo,Quiroga,G,"Point Guard",26,29,3,"Gulf Breeze","Gulf Breeze",FL,USA,1,70,210,24,18,30,30,37,26,32,20,22,16,10,23,82,A+,85,35,53,37,20,1,0,0,1,0,0,0,0,0,0,1,3,0,,,0,0,Average,Average,Average,,Average,"Skips classes often",0,,0,0,,79,OKST,0,0,0,0,,1,0,0,0,0,0,0,0,0,0,0,0,0,0,0,0,0,1.7,4,3,0,0,1456,"2026-03-11 14:25:36.540","2026-07-30 19:15:45.196",NULL,0,0,0,0,0,0,0,0,0,0,0,24,0
452,12,"Indiana Pacers",Clemente,Culp,G,"Combo Guard",22,25,2,"South Jordan",Bingham,UT,USA,5,72,182,26,37,38,24,30,31,28,18,25,19,16,25,90,C+,37,31,1,1,3,1,1,0,0,1,1,0,0,0,0,1,5,0,,,0,0,Average,Average,"Prefers to play for an up-and-coming team",,Average,"Frequent visits to the principal",0,,0,0,,47,UKEN,0,2,61,12,"Indiana Pacers",1,0,0,0,0,0,0,0,0,0,0,0,0,0,0,1,0,10,4,3,0,0,452,"2026-03-11 14:25:35.298","2026-07-30 19:12:32.647",NULL,0,0,0,0,0,0,0,0,0,0,0,30,0
1237,12,"Indiana Pacers",Robert,Gannon,G,Slasher,24,25,1,"Bel Air","John Carroll",MD,USA,4,70,195,23,19,26,38,30,31,36,22,22,18,8,21,85,A+,91,33,1,1,0,0,1,1,1,0,0,0,0,0,1,1,5,0,,,0,0,Average,Average,Average,,Average,Average,0,,0,0,,61,MTSU,0,2,34,12,"Indiana Pacers",1,0,0,0,0,0,0,0,0,0,0,0,0,0,0,0,0,10,0,0,0,0,1237,"2026-03-11 14:25:36.540","2026-07-30 19:15:01.140",NULL,0,0,0,0,0,0,0,0,0,0,0,27,0
2013,12,"Indiana Pacers",Ian,Elmore,C,"Post Scorer",24,27,1,"North Kingstown","North Kingstown",RI,USA,2,84,251,26,20,22,24,24,22,20,26,33,33,32,38,96,A-,61,39,1,1,0,0,0,1,0,0,0,1,0,1,1,1,5,0,,,0,0,Average,Average,Average,,Average,Average,0,,0,0,,125,WAST,0,2,63,12,"Indiana Pacers",1,0,0,0,0,0,0,0,0,0,0,0,0,0,0,0,0,10,0,0,0,0,2013,"2026-03-11 14:25:38.274","2026-07-30 19:17:36.790",NULL,0,0,0,0,0,0,0,0,0,0,0,33,0
2269,12,"Indiana Pacers",Harold,Lehtinen,F,Two-Way,26,29,3,Beresford,Beresford,SD,USA,3,78,240,24,28,24,25,23,24,22,27,23,25,21,29,59,A+,87,42,63,58,19,0,0,1,0,1,1,0,0,1,0,0,4,0,,,0,0,Average,Average,Average,,Average,Average,0,,0,0,,191,JOES,0,0,0,0,,1,0,0,0,0,0,0,0,0,0,0,1,0,0,0,0,0,10,7,6,0,0,2269,"2026-03-11 14:25:38.274","2026-09-21 18:41:58.714",NULL,0,0,0,0,0,0,0,0,0,0,0,25,0
2044,12,"Indiana Pacers",Timothy,Houston,F,"Power Forward",26,25,3,,,,Kenya,3,78,253,26,30,25,44,23,32,25,28,21,25,23,17,92,B,51,39,63,63,17,0,0,1,0,0,0,0,0,1,1,0,3,0,,,0,0,Average,"Money motivated",Average,,Average,"Values academics",0,,0,0,,130,WYOM,68,2,68,12,"Indiana Pacers",1,0,0,0,0,0,0,0,0,0,0,0,0,0,0,0,0,20,6,5,0,0,2044,"2026-03-11 14:25:38.274","2026-07-30 19:17:42.235",NULL,0,0,0,0,0,0,0,0,0,0,0,30,0
1543,13,"Los Angeles Lakers",Christopher,Toms,C,"Stretch Center",26,27,3,McMurray,"Peters Township",PA,USA,4,83,286,30,47,19,15,21,26,21,49,29,41,36,37,91,A,72,40,47,47,14,1,0,0,0,0,0,1,0,0,1,0,3,0,,,0,0,Eccentric,Average,Average,,Average,Average,0,,0,0,,87,RICE,4,1,4,13,"Los Angeles Lakers",1,1,0,0,0,0,0,0,0,0,0,0,0,0,0,0,0,31,4,3,0,0,1543,"2026-03-11 14:25:37.165","2026-07-30 19:16:02.105",NULL,0,0,0,0,0,0,0,0,0,0,0,29,0
2058,13,LAL,Robert,Lampe,C,"Post Scorer",24,29,1,Washington,Ballou,DC,USA,4,84,224,26,29,13,30,23,23,19,32,28,30,32,30,80,D+,33,38,1,1,0,0,0,1,0,1,0,1,0,0,1,1,5,0,,,0,0,Average,"Drafted team discount","Prefers to play for an up-and-coming team",,Average,Average,17,"Milwaukee Bucks",0,0,,131,UMBC,0,2,55,17,"Milwaukee Bucks",1,0,0,0,0,0,0,0,0,0,0,0,0,0,0,0,0,20,0,0,0,0,2058,"2026-03-11 14:25:38.274","2026-07-30 19:17:45.154",NULL,0,0,0,0,0,0,0,0,0,0,0,19,0
531,13,"Los Angeles Lakers",Mike,Park,C,"Post Scorer",25,28,2,,,,Japan,4,82,256,27,30,8,14,9,17,25,44,35,41,37,47,96,A+,97,36,1,1,22,0,0,0,0,1,0,1,0,1,1,1,5,0,,,0,0,Motivation,Average,Average,,"Focuses on Max Weight","Naturally book smart",0,,0,0,,3,BAMA,0,1,1,13,"Los Angeles Lakers",1,1,0,0,0,0,0,0,0,0,0,0,0,0,0,0,0,31,4,3,0,0,531,"2026-03-11 14:25:35.298","2026-07-30 19:12:37.363",NULL,0,0,0,0,0,0,0,0,0,0,0,37,0
1052,13,LAL,Lloyd,Dunham,G,"Combo Guard",26,30,3,Oakhurst,"Ocean Township",NJ,USA,3,75,207,25,22,38,28,25,31,28,24,22,18,18,19,62,A+,76,35,42,58,16,1,1,0,0,0,0,1,0,0,1,0,4,0,,,0,0,Average,Average,Average,,Hard-working,"Never Studies",16,"Miami Heat",0,0,,46,KENT,0,0,0,0,,1,0,0,0,0,0,0,0,0,0,0,0,0,0,0,0,0,10,5,4,0,0,1052,"2026-03-11 14:25:35.918","2026-07-30 19:14:22.623",NULL,0,0,0,0,0,0,0,0,0,0,0,35,0
2341,13,"Los Angeles Lakers",Stephen,Raudebaugh,G,"Point Guard",24,24,1,,,,USA,3,73,215,26,21,27,37,40,28,34,18,20,19,12,23,88,A+,91,41,1,1,0,0,0,1,1,0,1,1,1,0,0,1,6,0,,,0,0,Average,"Money motivated","Prefers to play for a team where he can start immediately",,Average,Average,0,,0,0,,196,PROV,0,1,6,13,"Los Angeles Lakers",1,0,0,0,0,0,0,0,0,0,0,0,0,0,0,0,0,10,0,0,0,0,2341,"2026-03-11 14:25:39.098","2026-07-30 19:18:40.872",NULL,0,0,0,0,0,0,0,0,0,0,0,26,1
40,13,"Los Angeles Lakers",Sylvester,Wagner,F,"Small Forward",24,0,0,Livingston,Livingston,NJ,USA,2,77,223,20,15,32,15,14,24,19,21,23,21,31,14,88,B-,51,40,1,1,0,0,1,0,0,1,1,1,0,0,1,0,5,0,,,0,0,Cooperative,Average,Average,,Average,Average,0,,0,0,,133,USD,247,2,24,13,"Los Angeles Lakers",1,0,0,0,0,0,0,0,0,0,0,0,0,0,0,0,0,0,0,0,0,0,40,"2026-09-01 19:38:52.176","2026-09-01 19:38:52.176",NULL,0,0,0,0,0,0,0,0,0,0,0,24,0
3143,13,"Los Angeles Lakers",Raymond,Garcia,G,"Point Guard",31,27,9,,,,Mexico,0,76,207,38,45,36,35,39,40,43,35,40,36,39,38,59,B-,59,43,42,73,14,0,0,1,1,1,0,0,0,0,0,0,3,0,,,0,0,Average,"Highest bidder",,,Average,,0,,0,0,,83,ORST,0,0,0,156,LAL,1,1,0,0,0,0,0,0,0,0,0,0,0,0,0,0,0,38.75,5,4,0,0,3143,"2026-03-11 14:25:39.098","2026-07-30 19:19:16.607",NULL,0,0,0,0,0,0,0,0,0,0,0,38,0
896,13,"Los Angeles Lakers",Lincoln,Neals,F,"Point Forward",24,27,1,"Las Vegas",Cimarron-Memorial,NV,USA,3,80,236,23,26,34,9,37,22,16,23,20,20,26,19,68,A+,75,48,1,1,0,0,1,1,1,0,0,0,1,0,1,0,5,0,,,0,0,Average,Average,Average,,Average,Average,0,,0,0,,32,FSU,0,2,36,13,"Los Angeles Lakers",1,0,0,0,0,0,0,0,0,0,0,0,0,0,0,0,0,10,0,0,0,0,896,"2026-03-11 14:25:35.918","2026-07-30 19:13:52.001",NULL,0,0,0,0,0,0,0,0,0,0,0,21,0
1163,13,"Los Angeles Lakers",Hyun,Xu,G,"Combo Guard",26,27,3,,,,"South Korea",3,71,210,26,30,28,40,28,39,43,27,20,13,5,11,94,A,72,48,27,68,16,0,0,1,0,0,1,1,0,0,0,0,3,0,,,0,0,Average,Average,Average,,Average,Average,0,,0,0,,55,UMD,0,0,0,0,,1,0,0,0,0,0,0,0,0,0,0,0,0,0,0,0,0,20,4,3,0,0,1163,"2026-03-11 14:25:36.540","2026-07-30 19:14:45.379",NULL,0,0,0,0,0,0,0,0,0,0,0,37,0
3274,13,LAL,Todd,Harris,F,"Power Forward",32,27,10,,,,Lithuania,0,78,219,35,37,32,31,40,35,37,37,36,36,39,26,85,A,85,31,63,73,18,1,0,0,1,0,0,0,1,0,1,0,4,0,,,0,0,Average,"Drafted team discount",,,"Skips Leg Day",,0,,0,0,,124,WASH,0,0,0,156,LAL,1,0,0,0,0,0,0,0,0,0,0,1,0,0,0,0,0,20,6,5,0,0,3274,"2026-03-11 14:25:39.715","2026-09-19 16:00:15.448",NULL,0,0,0,0,0,0,0,0,0,0,0,33,0
1740,13,"Los Angeles Lakers",Edward,Tucker,G,3-and-D,25,25,3,Irmo,"Dutch Fork",SC,USA,4,76,185,25,29,21,36,32,29,35,20,23,17,15,21,87,A+,99,41,42,58,10,1,0,0,1,0,0,0,1,0,0,0,3,0,,,0,0,Motivational,Average,Average,,"Center of Attention",Average,0,,0,0,,103,TXST,0,0,0,0,,1,0,0,0,0,0,0,0,0,0,0,0,0,0,0,0,0,10,5,4,0,0,1740,"2026-03-11 14:25:37.165","2026-07-30 19:16:42.552",NULL,0,0,0,0,0,0,0,0,0,0,0,24,0
1524,13,"Los Angeles Lakers",Gregory,Odusanya,F,Two-Way,23,0,0,Harmony,"Seneca Valley",PA,USA,4,79,237,26,30,15,14,17,17,20,31,33,33,37,36,62,A+,96,47,1,1,0,0,0,0,0,0,0,1,0,0,1,1,3,0,,,0,0,Outgoing,Average,"Prefers to play for an up-and-coming team",,Complacent,Average,0,,0,0,,84,PNST,214,1,16,13,"Los Angeles Lakers",1,0,0,0,0,0,0,0,0,0,0,0,0,0,0,0,0,0,0,0,0,0,1524,"2026-09-01 19:38:16.645","2026-09-01 19:38:16.645",NULL,0,0,0,0,0,0,0,0,0,0,0,23,0
1799,14,SDC,Jon,Wood,C,"Post Scorer",24,25,1,Minneota,Minneota,MN,USA,3,85,238,21,27,21,16,2,20,23,33,26,25,13,30,71,A+,92,38,1,1,0,0,1,1,0,0,1,0,0,0,0,1,4,0,,,0,0,Reserved,"Hates Tags",Average,,Average,Average,14,SDC,0,0,,108,TULS,0,0,0,0,,1,0,0,0,1,0,0,0,0,0,0,1,0,0,0,0,0,1.5,7,3,0,0,1799,"2026-03-11 14:25:37.165","2026-09-19 23:56:01.397",NULL,0,0,0,0,0,0,0,0,0,0,0,21,0
781,14,"San Diego Clippers",Michael,Sims,F,All-Around,24,27,1,,,,USA,3,77,225,24,23,39,15,27,25,28,20,22,22,32,16,90,A-,71,35,1,1,0,1,1,1,0,1,1,1,0,0,1,0,7,0,,,0,0,Abrasive,Average,Average,,Average,Average,0,,0,0,,22,CLEM,0,2,47,14,"San Diego Clippers",1,0,0,0,0,0,0,0,0,0,0,0,0,0,0,0,0,10,0,0,0,0,781,"2026-03-11 14:25:35.298","2026-07-30 19:13:28.839",NULL,0,0,0,0,0,0,0,0,0,0,0,27,0
1296,14,"San Diego Clippers",Brian,Kane,F,All-Around,26,28,3,,,,Denmark,3,79,217,28,34,27,21,35,26,24,26,30,27,26,33,68,B,65,39,58,47,22,0,1,1,1,1,1,1,1,0,0,1,8,0,,,0,0,Average,"Drafted team discount",Fanboy,,Average,Average,0,,0,0,,66,NCST,46,2,46,14,"San Diego Clippers",1,0,0,0,0,0,0,0,0,0,0,0,0,0,0,0,0,20,4,3,0,0,1296,"2026-03-11 14:25:36.540","2026-07-30 19:15:12.627",NULL,0,0,0,0,0,0,0,0,0,0,0,26,0
1821,14,"San Diego Clippers",Ramin,Scott,G,"Combo Guard",25,25,2,,,,Montenegro,3,72,203,27,18,19,17,19,26,46,25,37,28,38,26,85,C+,36,44,1,1,15,1,0,0,0,0,1,1,0,0,1,0,4,0,,,0,0,Average,Average,Average,,Average,Average,0,,0,0,,110,UCF,0,1,17,14,"San Diego Clippers",1,0,0,0,0,0,0,0,0,0,0,0,0,0,0,0,0,20,4,3,0,0,1821,"2026-03-11 14:25:37.165","2026-07-30 19:16:58.891",NULL,0,0,0,0,0,0,0,0,0,0,0,36,0
288,14,"San Diego Clippers",Arthur,Carter,F,"Small Forward",24,0,0,Gloucester,Gloucester,MA,USA,3,77,233,21,34,31,29,25,30,20,13,13,16,8,18,79,B,55,43,1,1,0,1,0,1,0,0,1,0,0,0,0,1,4,0,,,0,0,Average,Average,Average,,Complacent,"Didn't come here to play school",0,,0,0,,24,COLO,224,1,23,14,"San Diego Clippers",1,0,0,0,0,0,0,0,0,0,0,0,0,0,0,0,0,0,0,0,0,0,288,"2026-09-01 19:38:22.696","2026-09-01 19:38:22.696",NULL,0,0,0,0,0,0,0,0,0,0,0,21,0
3124,14,"San Diego Clippers",Kent,Alvarado,G,"Combo Guard",31,27,9,,,,Australia,0,72,216,37,34,33,36,31,34,36,41,40,45,38,45,68,B,68,37,53,42,19,0,0,1,0,0,1,0,0,0,0,0,2,0,,,0,0,Average,Loyal,,,Average,,0,,0,0,,32,FSU,0,0,0,157,SDC,1,1,1,0,0,0,0,0,0,0,0,0,0,0,0,0,0,46.5,3,2,0,0,3124,"2026-03-11 14:25:39.098","2026-07-30 19:19:10.991",NULL,0,0,0,0,0,0,0,0,0,0,0,39,0
2119,14,SDC,Alan,Khurshid,G,All-Around,24,30,1,Pasco,Chiawana,WA,USA,2,71,189,21,15,32,17,29,22,22,19,22,19,18,25,72,A+,88,41,1,1,0,1,1,0,1,0,0,1,1,1,1,1,8,0,,,0,0,Average,Adversarial,Average,,Average,"Seeks out tutoring",0,,0,0,,179,EVAN,0,0,0,0,,1,0,0,0,1,0,0,0,0,0,0,1,0,0,0,0,0,1.5,7,2,0,0,2119,"2026-03-11 14:25:38.274","2026-09-19 23:56:03.617",NULL,0,0,0,0,0,0,0,0,0,0,0,23,0
2379,14,"San Diego Clippers",Dennis,Jackson,C,"Rim Protector",24,26,3,Charleston,Charleston,MS,USA,4,84,245,30,40,22,33,22,27,13,48,26,36,33,30,87,B,53,44,53,37,7,1,0,1,0,0,0,1,0,1,1,0,5,0,,,0,0,Average,Average,Average,,"Track Athlete","More likely to get academic probation",0,,0,0,,199,XAV,14,1,14,14,"San Diego Clippers",1,1,0,0,0,0,0,0,0,0,0,0,0,0,0,0,0,31,6,5,0,0,2379,"2026-03-11 14:25:39.098","2026-07-30 19:18:48.227",NULL,0,0,0,0,0,0,0,0,0,0,0,24,0
2147,14,SDC,Rakesh,Caceres,F,"Point Forward",24,29,1,Boise,Borah,ID,USA,2,78,233,20,22,18,6,8,18,28,29,23,24,21,23,65,A+,94,42,1,1,0,0,1,0,0,0,1,1,1,0,0,0,4,0,,,0,0,Narcissist,Average,Average,,"Film Room Genius",Average,14,SDC,0,0,,181,DAV,0,0,0,0,,1,0,0,0,1,0,0,0,0,0,0,1,0,0,0,0,0,10,7,3,0,0,2147,"2026-03-11 14:25:38.274","2026-09-19 23:56:04.810",NULL,0,0,0,0,0,0,0,0,0,0,0,19,0
1901,14,SDC,Frank,Heath,C,"Post Scorer",25,26,3,,,,Ghana,3,81,234,24,29,16,18,12,23,24,33,28,30,24,40,70,A+,85,45,53,16,8,0,0,1,0,0,1,0,0,0,0,1,3,0,,,0,0,Reliable,"Hates Tags",Average,,Average,Average,0,,0,0,,116,UTEP,0,0,0,0,,1,0,0,0,0,0,0,0,0,0,0,1,0,0,0,0,0,10,6,5,0,0,1901,"2026-03-11 14:25:38.274","2026-07-30 19:17:15.287",NULL,0,0,0,0,0,0,0,0,0,0,0,32,0
1145,14,"San Diego Clippers",Jeffrey,Gannon,G,"Combo Guard",23,0,0,Lathrop,Lathrop,MO,USA,4,70,199,25,26,29,29,29,29,37,21,21,19,16,16,78,A-,57,40,1,1,0,0,1,1,0,0,1,1,0,0,0,0,4,0,,,0,0,Average,"Hates Tags",Average,,Average,Average,0,,0,0,,53,LSU,256,2,25,14,"San Diego Clippers",1,0,0,0,0,0,0,0,0,0,0,0,0,0,0,0,0,0,0,0,0,0,1145,"2026-09-01 19:38:53.000","2026-09-01 19:38:53.000",NULL,0,0,0,0,0,0,0,0,0,0,0,27,0
3208,14,"San Diego Clippers",Karl,Boyd,F,"Point Forward",28,25,6,,,,Colombia,0,80,207,31,37,32,31,18,33,32,29,32,32,29,39,65,B,65,38,47,58,27,0,1,0,0,0,0,0,0,0,0,0,1,0,,,0,0,Average,Average,,,Quiet,,0,,0,0,,62,MINN,0,0,0,157,SDC,1,0,0,0,0,0,0,0,0,0,0,0,0,0,0,0,0,20,4,3,0,0,3208,"2026-03-11 14:25:39.098","2026-07-30 19:19:28.898",NULL,0,0,0,0,0,0,0,0,0,0,0,33,0
1929,14,"San Diego Clippers",Howard,Wen,G,"Point Guard",24,24,1,"New Hope","Robbinsdale Cooper",MN,USA,4,73,210,26,11,30,30,26,26,38,36,24,25,18,21,74,A-,71,48,1,1,0,0,0,1,1,1,1,1,0,0,1,0,6,0,,,0,0,Average,Average,Average,,Average,Average,0,,0,0,,118,UTAH,0,1,15,14,"San Diego Clippers",1,0,0,0,0,0,0,0,0,0,0,0,0,0,0,0,0,20,0,0,0,0,1929,"2026-03-11 14:25:38.274","2026-07-30 19:17:21.202",NULL,0,0,0,0,0,0,0,0,0,0,0,27,0
1442,14,SDC,Thomas,Mullins,F,"Power Forward",26,27,3,,,,Chad,2,78,235,23,30,32,20,37,24,28,23,22,16,10,20,85,A,71,48,63,37,20,0,1,1,1,0,1,0,0,1,0,0,5,0,,,0,0,Average,Average,Average,,Average,"Didn't come here to play school",0,,0,0,,78,OKLA,0,0,0,0,,1,0,0,0,0,0,0,0,0,0,0,1,0,0,0,0,0,10,5,4,0,0,1442,"2026-03-11 14:25:36.540","2026-07-30 19:15:42.275",NULL,0,0,0,0,0,0,0,0,0,0,0,16,0
1501,14,SDC,Gregory,Harris,G,Slasher,26,25,3,Euclid,Euclid,OH,USA,4,74,185,26,22,25,30,22,29,39,19,30,25,26,25,73,A+,78,43,63,47,18,0,1,0,0,1,1,0,1,1,1,1,7,0,,,0,0,Average,"Wants extensions",Fanboy,,Average,Average,0,,0,0,,83,ORST,0,0,0,0,,1,0,0,0,0,0,0,0,0,0,0,1,0,0,0,0,0,10,5,4,0,0,1501,"2026-03-11 14:25:36.540","2026-07-30 19:15:53.724",NULL,0,0,0,0,0,0,0,0,0,0,0,31,0
998,14,SDC,Max,Lee,G,"Point Guard",24,28,1,"Fond du Lac","Fond du Lac",WI,USA,2,76,199,21,8,25,27,33,26,41,13,21,7,2,17,57,A,81,43,1,1,0,0,0,1,1,1,1,0,0,0,0,1,5,0,,,0,0,Reliable,Average,Average,,"Streams too much",Average,14,SDC,0,0,,40,ILLI,0,0,0,0,,1,0,0,0,1,0,0,0,0,0,0,1,0,0,0,0,0,1.5,7,2,0,0,998,"2026-03-11 14:25:35.918","2026-09-19 23:55:59.587",NULL,0,0,0,0,0,0,0,0,0,0,0,10,0
3312,14,SDC,Jesse,Hall,C,"Stretch Center",33,29,11,,,,Belgium,0,85,241,38,27,44,39,36,37,44,32,44,37,48,36,67,B,67,42,68,47,13,0,0,0,0,0,0,1,0,0,1,1,3,0,,,0,0,Average,Average,,,Quiet,,0,,0,0,,14,BC,0,0,0,171,SEA,1,0,0,0,0,0,0,0,0,0,0,0,0,0,0,0,0,20,6,5,0,0,3312,"2026-03-11 14:25:39.715","2026-07-30 19:19:47.143",NULL,0,0,0,0,0,0,0,0,0,0,0,37,0
249,14,SDC,Clarence,Murphy,F,Two-Way,24,25,1,,,,Canada,3,79,223,19,23,22,28,25,22,24,15,18,14,14,14,89,A+,88,38,1,1,0,0,0,1,0,0,0,0,0,1,0,0,2,0,,,0,0,Selfish,Average,Average,,Average,"Takes AP classes",0,,0,0,,126,WVU,0,0,0,0,,1,0,0,0,1,0,0,0,0,0,0,1,0,0,0,0,0,1.5,7,2,0,0,249,"2026-03-11 14:25:34.683","2026-09-19 23:56:06.438",NULL,0,0,0,0,0,0,0,0,0,0,0,21,0
1289,15,"Memphis Grizzlies",Robert,Redd,C,"Stretch Center",24,29,2,Aurora,"Aurora Christian",IL,USA,3,85,263,24,29,25,13,21,24,28,20,26,27,27,28,79,A+,84,35,1,1,9,0,1,0,0,0,1,0,0,0,0,1,3,0,,,0,0,Average,"Hates Tags",Average,,Average,Average,0,,0,0,,65,NAVY,0,2,46,15,"Memphis Grizzlies",1,0,0,0,0,0,0,0,0,0,0,0,0,0,0,1,0,20,5,4,0,0,1289,"2026-03-11 14:25:36.540","2026-07-30 19:15:11.760",NULL,0,0,0,0,0,0,0,0,0,0,0,22,0
29,15,"Memphis Grizzlies",Johnson,Workman,G,Slasher,24,0,0,"Winter Park","Winter Park",FL,USA,3,76,197,24,18,27,33,38,26,30,5,25,18,17,33,76,C+,49,39,1,1,0,0,0,1,1,1,0,0,0,1,0,1,5,0,,,0,0,Popular,"I'm the starter","Prefers to play for a team with a rich history",,Average,"Skips classes often",0,,0,0,,132,WICH,257,2,9,15,"Memphis Grizzlies",1,0,0,0,0,0,0,0,0,0,0,0,0,0,0,0,0,0,0,0,0,0,29,"2026-09-01 19:38:38.540","2026-09-01 19:38:38.540",NULL,0,0,0,0,0,0,0,0,0,0,0,18,0
3134,15,"Memphis Grizzlies",Gabriel,Zimmerman,G,"Point Guard",30,30,8,,,,Germany,0,76,227,38,37,36,41,44,41,43,43,35,41,34,33,57,B-,57,45,68,47,29,0,0,0,0,0,0,1,0,0,1,0,2,0,,,0,0,Average,"Highest bidder",,,Average,,0,,0,0,,104,TTU,0,0,0,158,MEM,1,1,0,0,0,0,0,0,0,0,0,0,0,0,0,0,0,38.75,5,4,0,0,3134,"2026-03-11 14:25:39.098","2026-07-30 19:19:13.983",NULL,0,0,0,0,0,0,0,0,0,0,0,41,0
8264,15,"Memphis Grizzlies",Keith,Trammell,F,Two-Way,20,0,0,"Sioux Falls","Sioux Falls Christian",SD,USA,5,79,232,22,34,18,19,17,26,23,26,24,23,15,28,47,C,25,40,1,1,0,1,0,0,1,1,1,1,0,1,0,1,7,0,,,0,0,Average,Average,Average,,Average,"Sits at the back of the class",0,,0,0,,200,GONZ,273,2,31,15,"Memphis Grizzlies",1,0,0,0,0,0,0,0,0,0,0,0,0,0,0,0,0,0,0,0,0,0,8264,"2026-09-01 19:38:58.524","2026-09-01 19:38:58.524",NULL,0,0,0,0,0,0,0,0,0,0,0,28,0
843,15,"Memphis Grizzlies",Constantine,Koontz,G,3-and-D,24,25,1,Nashville,"Montgomery Bell Academy",TN,USA,3,75,214,25,15,30,38,34,29,26,32,17,23,16,19,92,A+,86,36,1,1,0,0,0,1,1,1,0,1,0,0,0,0,4,0,,,0,0,Average,"I'm the starter","Prefers to play for a specific coach",,"Streams too much","Didn't come here to play school",0,,0,0,,28,EMU,0,1,21,15,"Memphis Grizzlies",1,0,0,0,0,0,0,0,0,0,0,0,0,0,0,0,0,10,0,0,0,0,843,"2026-03-11 14:25:35.918","2026-07-30 19:13:41.134",NULL,0,0,0,0,0,0,0,0,0,0,0,35,0
2652,15,"Memphis Grizzlies",Jesus,Fortuna,C,"Stretch Center",22,0,0,,,,"Dominican Republic",4,84,231,23,21,6,22,8,17,25,32,28,34,37,30,80,C-,27,38,1,1,0,0,0,0,0,1,1,1,0,0,1,0,4,0,,,0,0,Average,Average,Average,,Average,Average,0,,0,0,,30,FLA,223,1,10,15,"Memphis Grizzlies",1,0,0,0,0,0,0,0,0,0,0,0,0,0,0,0,0,0,0,0,0,0,2652,"2026-09-01 19:38:11.577","2026-09-01 19:38:11.577",NULL,0,0,0,0,0,0,0,0,0,0,0,23,0
608,15,"Memphis Grizzlies",Reginald,Gray,G,"Combo Guard",25,24,2,,,,Cameroon,3,74,191,26,22,36,24,27,25,21,33,23,29,34,18,87,A,77,36,1,1,22,0,1,0,0,0,0,1,1,0,1,1,5,0,,,0,0,Average,Average,Average,,Average,Average,0,,0,0,,9,ARMY,0,1,14,15,"Memphis Grizzlies",1,0,0,0,0,0,0,0,0,0,0,0,0,0,0,0,0,20,4,3,0,0,608,"2026-03-11 14:25:35.298","2026-07-30 19:12:52.998",NULL,0,0,0,0,0,0,0,0,0,0,0,30,0
2412,15,"Memphis Grizzlies",Justin,Austin,F,"Point Forward",26,26,3,Wilson,Beddingfield,NC,USA,4,79,206,29,29,28,11,22,28,33,33,34,32,36,32,54,A-,72,47,27,27,13,0,0,1,0,0,1,0,0,0,1,0,3,0,,,0,0,Disruptive,"Championship seeking",Average,,Average,Average,0,,0,0,,202,PAC,13,1,13,15,"Memphis Grizzlies",1,0,0,0,0,0,0,0,0,0,0,0,0,0,0,0,0,20,4,3,0,0,2412,"2026-03-11 14:25:39.098","2026-07-30 19:18:54.500",NULL,0,0,0,0,0,0,0,0,0,0,0,28,0
8814,15,"Memphis Grizzlies",Sermsak,Mali,F,"Point Forward",24,28,2,,,,Singapore,3,78,225,22,37,23,24,19,25,9,30,18,23,24,16,78,B,46,41,79,58,11,1,1,0,0,0,0,1,0,0,0,0,3,0,,,0,0,Average,Average,Open-Minded,,Loud,Average,0,,0,0,,90,"SL Benfica",193,2,53,15,"Memphis Grizzlies",1,0,0,0,0,0,0,0,0,0,0,1,1,1,0,0,0,10,7,6,0,0,8814,"2026-03-11 14:25:44.066","2026-07-30 19:29:17.824",NULL,0,0,0,0,0,0,0,0,0,0,0,28,1
1935,15,"Memphis Grizzlies",Ralph,Jones,G,"Combo Guard",26,28,3,Wagoner,Wagoner,OK,USA,3,70,183,30,22,37,34,36,32,33,15,31,28,28,30,76,A,81,41,47,68,17,0,0,1,1,0,1,0,0,0,1,0,4,0,,,0,0,Average,Average,"Prefers to play for an up-and-coming team",,"Track Athlete","Less likely to get academic probation",0,,0,0,,119,UTST,77,2,77,15,"Memphis Grizzlies",1,0,0,0,0,0,0,0,0,0,0,0,0,0,0,1,0,20,6,5,0,0,1935,"2026-03-11 14:25:38.274","2026-07-30 19:17:21.784",NULL,0,0,0,0,0,0,0,0,0,0,0,28,1
3281,15,"Memphis Grizzlies",Jan,Freeman,F,"Power Forward",33,30,11,,,,Germany,0,79,231,37,39,35,33,40,34,35,34,43,37,40,50,86,A,86,44,68,53,28,0,0,1,0,0,1,0,1,0,0,0,3,0,,,0,0,Average,Average,,,Average,,0,,0,0,,60,MIST,0,0,0,158,MEM,1,1,0,0,0,0,0,0,0,0,0,0,0,0,0,0,0,46.5,6,5,0,0,3281,"2026-03-11 14:25:39.715","2026-07-30 19:19:41.544",NULL,0,0,0,0,0,0,0,0,0,0,0,36,0
3294,15,MEM,Errol,Meza,C,"Post Scorer",32,29,10,,,,Mexico,0,81,248,37,43,39,29,33,36,39,44,37,37,31,43,78,A-,78,42,84,32,15,1,1,0,0,0,0,1,0,1,0,1,5,0,,,0,0,Average,Average,,,Average,,0,,0,0,,47,UKEN,0,0,0,150,DAL,1,1,0,0,0,0,0,0,0,0,0,0,0,0,0,0,0,46.5,5,4,0,0,3294,"2026-03-11 14:25:39.715","2026-07-30 19:19:43.650",NULL,0,0,0,0,0,0,0,0,0,0,0,35,0
3327,15,"Memphis Grizzlies",Derek,Swanson,F,"Point Forward",30,28,8,,,,Belgium,0,80,210,36,33,36,36,25,36,39,43,37,40,40,35,97,A+,97,46,68,37,19,0,0,0,0,0,0,0,1,0,0,0,1,0,,,0,0,Average,Average,,,Average,,0,,0,0,,122,VT,0,0,0,158,MEM,1,1,0,0,0,0,0,0,0,0,0,0,0,0,0,0,0,38.75,6,5,0,0,3327,"2026-03-11 14:25:39.715","2026-07-30 19:19:49.485",NULL,0,0,0,0,0,0,0,0,0,0,0,36,0
11,16,MIA,Blair,Stiles,G,3-and-D,25,29,2,"Garden Grove","Garden Grove",CA,USA,4,74,184,21,21,28,37,31,29,32,17,14,10,2,11,83,A+,77,46,1,1,13,0,0,0,0,1,0,0,0,0,0,0,1,0,,,0,0,Average,"Will eventually play for LeBron",Average,,Average,Average,19,NOP,0,0,,131,UMBC,0,0,0,0,,1,0,0,0,0,0,0,0,0,0,0,0,0,0,0,0,0,1.6,4,3,0,0,11,"2026-03-11 14:25:34.683","2026-07-30 19:11:04.634",NULL,0,0,0,0,0,0,0,0,0,0,0,33,0
267,16,"Miami Heat",Donnie,Morrison,C,"Rim Protector",26,29,3,Walhalla,Walhalla,SC,USA,4,81,258,28,29,22,16,22,20,23,30,34,34,38,38,70,A,65,48,47,42,14,1,0,0,0,1,0,0,0,0,1,1,4,0,,,0,0,Tough,"Championship seeking",Average,,"Track Athlete",Average,0,,0,0,,139,SDST,0,0,0,0,,1,0,0,0,0,0,0,0,0,0,0,0,0,0,0,0,0,20,4,3,0,0,267,"2026-03-11 14:25:34.683","2026-07-30 19:12:00.910",NULL,0,0,0,0,0,0,0,0,0,0,0,28,0
1042,16,MIA,Qiang,Ramirez,C,"Post Scorer",25,30,2,Springfield,"Cardinal O'Hara",PA,USA,4,81,238,25,33,23,9,21,18,13,38,26,33,30,33,50,B,53,33,1,1,23,0,1,0,1,0,0,1,1,0,0,1,5,0,,,0,0,Average,Average,Average,,Average,Average,0,,0,0,,45,KSST,0,0,0,0,,1,0,0,0,0,0,0,0,0,0,0,0,0,0,0,0,0,10,5,4,0,0,1042,"2026-03-11 14:25:35.918","2026-07-30 19:14:20.883",NULL,0,0,0,0,0,0,0,0,0,0,0,20,0
545,16,"Miami Heat",Mohamed,Stacy,C,"Rim Protector",25,26,3,"Ewa Beach",Campbell,HI,USA,3,81,263,27,32,20,18,22,21,11,46,24,37,28,38,86,A,73,43,68,58,11,1,0,0,0,0,0,1,0,1,0,0,3,0,,,0,0,Tough,Average,Average,,Hard-working,"Sits at the front of the class",0,,0,0,,4,APST,0,0,0,0,,1,0,0,0,0,0,0,0,0,0,0,0,0,0,0,0,0,20,6,5,0,0,545,"2026-03-11 14:25:35.298","2026-07-30 19:12:40.363",NULL,0,0,0,0,0,0,0,0,0,0,0,41,0
3114,16,"Miami Heat",Blake,Watts,G,"Combo Guard",31,27,9,,,,"South Africa",0,76,203,39,35,43,29,44,38,42,42,40,43,36,46,78,A-,78,44,27,58,16,0,0,0,0,0,0,0,0,0,0,0,0,0,,,0,0,Average,Average,,,Average,,0,,0,0,,10,AUB,0,0,0,159,MIA,1,1,1,0,0,0,0,0,1,0,1,0,0,0,0,0,0,46.5,5,4,0,0,3114,"2026-03-11 14:25:39.098","2026-07-30 19:19:08.673",NULL,0,0,0,0,0,0,0,0,0,0,0,38,0
57,16,"Miami Heat",Jesse,Rodriguez,F,Swingman,27,29,5,,,,China,0,77,241,31,33,31,38,24,30,24,35,31,34,36,30,65,B,65,44,32,73,20,0,0,0,0,0,0,0,0,0,0,0,0,0,,,0,0,Average,Average,,,"Track Athlete",,0,,0,0,,25,CSU,0,0,0,159,MIA,1,0,0,0,0,0,0,0,0,0,0,0,0,0,0,0,0,20,7,6,0,0,57,"2026-03-11 14:25:34.683","2026-07-30 19:11:14.131",NULL,0,0,0,0,0,0,0,0,0,0,0,32,0
2362,16,MIA,Darrell,Schoenthaler,C,All-Around,26,26,3,Powhatan,Powhatan,VA,USA,2,83,288,25,48,16,24,4,27,23,25,28,28,27,30,88,B,58,43,63,73,22,1,1,1,0,0,1,1,0,0,1,0,6,0,,,0,0,Perfectionist,Average,Legacy,,Hard-working,Average,0,,0,0,,198,VILL,0,0,0,0,,1,0,0,0,0,0,0,0,0,0,0,0,0,0,0,0,0,20,6,5,0,0,2362,"2026-03-11 14:25:39.098","2026-07-30 19:18:44.441",NULL,0,0,0,0,0,0,0,0,0,0,0,40,1
2117,16,MIA,Joseph,Singh,C,"Stretch Center",25,28,3,,,,Japan,3,83,278,25,27,10,27,8,17,8,29,31,38,42,47,85,C+,50,36,27,42,4,0,0,0,0,0,0,0,0,0,1,1,2,0,,,0,0,Average,Average,Average,,Average,Average,0,,0,0,,179,EVAN,0,0,0,0,,1,0,0,0,0,0,0,0,0,0,0,0,0,0,0,0,0,10,5,4,0,0,2117,"2026-03-11 14:25:38.274","2026-07-30 19:17:54.844",NULL,0,0,0,0,0,0,0,0,0,0,0,36,0
1357,16,"Miami Heat",Timothy,Zulkowski,F,Two-Way,24,25,1,,,,Estonia,3,80,248,23,23,17,17,7,25,31,17,32,27,34,30,95,D-,18,46,1,1,0,0,0,0,0,0,1,0,1,1,0,0,3,0,,,0,0,Average,Average,Legacy,,Average,Average,0,,0,0,,71,UNC,0,1,31,16,"Miami Heat",1,0,0,0,0,0,0,0,0,0,0,0,0,0,0,0,0,10,0,0,0,0,1357,"2026-03-11 14:25:36.540","2026-07-30 19:15:25.601",NULL,0,0,0,0,0,0,0,0,0,0,0,29,0
1103,16,"Miami Heat",Robert,Roulo,F,"Point Forward",26,26,3,O'Fallon,"Fort Zumwalt North",MO,USA,3,79,228,22,35,25,9,30,27,31,14,17,14,17,17,39,A+,88,39,53,79,15,1,0,0,1,0,1,0,0,0,1,1,5,0,,,0,0,Average,Average,Multi-Sport,,Average,"Studies hard",0,,0,0,,50,ULM,0,0,0,0,,1,0,0,0,0,0,0,0,0,0,0,0,0,0,0,0,0,10,5,4,0,0,1103,"2026-03-11 14:25:35.918","2026-07-30 19:14:33.217",NULL,0,0,0,0,0,0,0,0,0,0,0,16,0
81,16,"Miami Heat",Nolan,Criswell,C,"Post Scorer",24,0,0,,,,Canada,3,81,266,19,25,10,17,10,17,13,25,20,25,25,30,85,C+,54,37,1,1,0,0,0,0,0,0,0,0,0,1,0,0,1,0,,,0,0,Average,Average,Legacy,,Average,Average,0,,0,0,,56,MEMP,249,2,11,16,"Miami Heat",1,0,0,0,0,0,0,0,0,0,0,0,0,0,0,0,0,0,0,0,0,0,81,"2026-09-01 19:38:40.254","2026-09-01 19:38:40.254",NULL,0,0,0,0,0,0,0,0,0,0,0,15,0
1900,16,MIA,Felipe,Raymond,F,"Point Forward",25,26,2,Jasper,Jasper,IN,USA,3,78,237,24,35,16,22,17,22,16,39,23,29,29,27,86,B+,59,35,1,1,25,1,0,1,0,0,0,1,0,0,1,0,4,0,,,0,0,Average,"Highest bidder",Average,,"Footwork king",Average,0,,0,0,,116,UTEP,0,0,0,0,,1,0,0,0,0,0,0,0,0,0,0,0,0,0,0,0,0,20,7,6,0,0,1900,"2026-03-11 14:25:38.274","2026-07-30 19:17:14.995",NULL,0,0,0,0,0,0,0,0,0,0,0,23,1
2156,16,MIA,Jelena,Weems,G,"Shooting Guard",25,27,3,,,,Norway,3,76,184,31,17,36,47,32,31,32,22,33,28,37,27,92,C-,22,43,47,53,2,0,1,1,1,0,0,0,0,0,1,1,5,0,,,0,0,Flamboyant,Average,"Prefers to play in a different state",,Persistant,Average,15,"Memphis Grizzlies",0,0,,182,DAY,0,0,0,0,,1,0,0,0,0,0,0,0,0,0,0,0,0,0,0,0,0,20,5,4,0,0,2156,"2026-03-11 14:25:38.274","2026-07-30 19:18:02.849",NULL,0,0,0,0,0,0,0,0,0,0,0,40,0
1917,16,MIA,Andrew,Martinez,C,"Post Scorer",24,27,1,Cody,Cody,WY,USA,3,81,243,21,21,11,3,16,8,7,32,26,36,30,41,56,A+,93,33,1,1,0,0,0,0,0,0,0,1,0,0,0,1,2,0,,,0,0,Disruptive,Loyal,Average,,Average,Average,0,,0,0,,117,UTSA,0,0,0,0,,1,0,0,0,0,0,0,0,0,0,0,1,0,0,0,0,0,1.5,7,2,0,0,1917,"2026-03-11 14:25:38.274","2026-07-30 19:17:18.795",NULL,0,0,0,0,0,0,0,0,0,0,0,22,0
3204,16,MIA,Wayne,Perry,F,"Point Forward",29,25,7,,,,Turkey,0,80,241,28,30,21,34,33,29,28,20,29,29,28,31,49,C,49,40,58,32,11,0,1,0,0,0,1,0,0,0,0,0,2,0,,,0,0,Average,Average,,,Average,,19,NOP,0,0,,44,KANS,0,0,0,168,POR,1,0,0,0,0,0,0,0,0,0,0,0,0,0,0,0,0,2.2,5,4,0,0,3204,"2026-03-11 14:25:39.098","2026-07-30 19:19:28.326",NULL,0,0,0,0,0,0,0,0,0,0,0,27,0
1191,16,"Miami Heat",Brian,Hilf,F,"Power Forward",26,26,3,Hilo,Waiakea,HI,USA,3,80,206,27,28,27,9,25,24,24,30,30,35,28,41,77,B-,45,44,42,47,16,0,0,0,0,0,0,1,1,0,0,1,3,0,,,0,0,Average,Average,Average,,Average,Average,0,,0,0,,58,MIAO,0,0,0,0,,1,0,0,0,0,0,0,0,0,0,0,0,0,0,0,0,0,20,6,5,0,0,1191,"2026-03-11 14:25:36.540","2026-07-30 19:14:50.618",NULL,0,0,0,0,0,0,0,0,0,0,0,20,0
683,16,"Miami Heat",Jason,Harvey,F,"Power Forward",26,30,3,Price,Carbon,UT,USA,3,78,222,27,34,42,17,25,29,17,31,22,29,22,30,73,A,70,31,27,32,19,1,1,0,0,0,1,0,0,0,0,1,4,0,,,0,0,Average,Average,Average,,Average,Average,0,,0,0,,15,BGSU,0,0,0,0,,1,0,0,0,0,0,0,0,0,0,0,0,0,0,0,0,0,20,4,3,0,0,683,"2026-03-11 14:25:35.298","2026-07-30 19:13:08.067",NULL,0,0,0,0,0,0,0,0,0,0,0,30,0
1457,16,"Miami Heat",Jan,Schrum,C,"Post Scorer",26,26,3,Wilmington,"St. Mark's",DE,USA,3,83,256,26,27,18,22,19,29,35,38,28,30,15,27,94,B,68,46,42,27,22,0,0,0,0,0,1,0,0,1,0,0,2,0,,,0,0,Average,Average,Average,,Average,Average,0,,0,0,,79,OKST,0,0,0,0,,1,0,0,0,0,0,0,0,0,0,0,0,0,0,0,0,0,20,6,5,0,0,1457,"2026-03-11 14:25:36.540","2026-07-30 19:15:45.485",NULL,0,0,0,0,0,0,0,0,0,0,0,26,0
2257,16,"Miami Heat",Robert,Travis,F,Two-Way,26,30,3,"Las Vegas","Sierra Vista",NV,USA,4,80,218,25,31,12,21,11,21,25,29,32,34,36,29,50,A-,64,42,47,63,25,0,0,0,0,0,0,0,0,0,0,0,0,0,,,0,0,Average,Average,Legacy,,Average,Average,0,,0,0,,190,RICH,0,0,0,0,,1,0,0,0,0,0,0,0,0,0,0,0,0,0,0,0,0,10,6,5,0,0,2257,"2026-03-11 14:25:38.274","2026-07-30 19:18:23.167",NULL,0,0,0,0,0,0,0,0,0,0,0,22,0
1270,16,"Miami Heat",Kerry,White,F,All-Around,26,29,3,,,,Russia,4,77,226,29,34,36,17,47,25,18,40,22,33,28,28,78,C,48,43,32,47,24,1,1,1,1,0,0,1,1,0,1,0,7,0,,,0,0,Average,Average,Open-Minded,,Average,Average,0,,0,0,,64,MIZZ,30,1,30,16,"Miami Heat",1,0,0,0,0,0,0,0,0,0,0,0,0,0,0,0,0,20,5,4,0,0,1270,"2026-03-11 14:25:36.540","2026-07-30 19:15:07.339",NULL,0,0,0,0,0,0,0,0,0,0,0,25,0
9984,17,MIL,Bing,Hong,G,3-and-D,22,23,0,,,,China,2,75,188,23,12,19,43,8,18,8,26,21,29,33,32,93,A+,53,45,42,63,3,0,0,1,0,0,0,1,0,1,1,1,5,0,,,0,0,Average,Average,Average,,Average,Average,18,"Minnesota Timberwolves",0,0,,118,"Franca Basquetebol Clube",215,1,21,18,"Minnesota Timberwolves",1,0,0,0,0,0,0,0,0,0,0,1,1,1,0,0,0,0.7,7,2,0,0,9984,"2026-03-11 14:25:48.840","2026-10-02 02:21:06.524",NULL,0,0,0,0,0,0,0,0,0,0,0,29,0
3329,17,MIL,Albert,Sanders,C,"Post Scorer",32,30,10,,,,UAE,0,82,232,31,24,29,34,31,27,33,27,35,34,36,38,43,C-,43,43,58,42,21,1,0,0,0,1,1,0,1,0,0,1,5,0,,,0,0,Relaxed,Average,,,Average,,16,MIA,0,0,,98,TCU,0,0,0,162,NOP,1,0,0,0,0,0,0,0,0,0,0,1,0,0,1,0,0,2.5,7,6,0,0,3329,"2026-03-11 14:25:39.715","2026-09-24 16:00:10.387",NULL,0,0,0,0,0,0,0,0,0,0,0,30,0
8978,17,MIL,Lakshit,Goel,G,"Combo Guard",24,24,2,,,,Bangladesh,3,71,216,22,19,6,24,21,24,38,30,23,21,12,24,52,B,69,44,63,79,2,1,0,1,0,1,1,1,1,1,1,1,9,0,,,0,0,Average,Average,"Prefers to play for a national championship contender",,Average,"Takes AP classes",24,"Phoenix Suns",0,0,,141,"Dinamo Bucuresti",152,1,32,24,"Phoenix Suns",1,0,0,0,1,0,0,0,0,0,0,1,1,1,0,0,0,10,7,5,0,0,8978,"2026-03-11 14:25:45.117","2026-09-20 18:56:39.505",NULL,0,0,0,0,0,0,0,0,0,0,0,22,0
1562,17,MIL,Stephen,Borg,G,"Point Guard",24,26,1,Kahoka,"Clark County",MO,USA,3,73,189,24,13,27,39,26,28,34,29,21,17,12,14,72,A,72,35,1,1,0,0,0,1,0,0,1,1,0,0,1,0,4,0,,,0,0,Average,"Highest bidder",Average,,"Track Athlete","Takes AP classes",0,,0,0,,88,RUTG,0,0,0,0,,1,0,0,0,0,1,0,0,0,0,0,1,0,0,0,0,0,10,7,3,0,0,1562,"2026-03-11 14:25:37.165","2026-09-30 18:54:47.486",NULL,0,0,0,0,0,0,0,0,0,0,0,21,0
8733,17,MIL,"Jia Hua",Guan,C,"Stretch Center",22,31,2,,,,Taiwan,5,82,249,26,24,18,22,29,21,22,29,29,34,36,31,48,C-,42,39,21,37,9,1,0,0,1,0,1,1,0,1,1,1,7,0,,,0,0,Average,Average,Average,,Average,Average,19,"New Orleans Pelicans",0,0,,180,"Mahram Tehran BC",208,2,51,19,"New Orleans Pelicans",1,0,0,0,0,1,0,0,0,0,0,1,1,1,0,0,0,10,7,5,0,0,8733,"2026-03-11 14:25:44.066","2026-09-20 18:58:48.581",NULL,0,0,0,0,0,0,0,0,0,0,0,26,0
6945,17,MIL,Elijah,Thompson,F,Swingman,21,30,1,"Crystal Lake","Crystal Lake South",IL,USA,5,79,251,23,26,27,23,27,25,27,20,23,22,18,24,70,B+,70,41,1,1,0,1,0,0,1,1,0,0,0,0,0,0,3,0,,,0,0,Impatient,"I'm the starter","Prefers to play for a national championship contender",,Loud,"Studies hard",0,,0,0,,15,BGSU,0,0,0,0,,1,0,0,0,1,0,0,0,0,0,0,1,0,0,0,0,0,1.5,7,4,0,0,6945,"2026-03-11 14:25:42.819","2026-09-24 23:21:51.807",NULL,0,0,0,0,0,0,0,0,0,0,0,22,0
51,17,"Milwaukee Bucks",Barry,Mitchell,G,"Point Guard",25,29,3,,,,Canada,4,76,211,27,22,25,32,34,28,25,25,25,26,29,27,80,A,74,48,53,42,5,0,0,1,0,0,0,1,0,0,1,1,4,0,,,0,0,Average,Average,Average,,"Footwork king",Average,0,,0,0,,69,UNM,0,0,0,0,,1,0,0,0,0,1,0,0,0,0,0,0,0,0,0,0,0,10,7,6,0,0,51,"2026-03-11 14:25:34.683","2026-09-20 18:59:01.815",NULL,0,0,0,0,0,0,0,0,0,0,0,26,0
828,17,"Milwaukee Bucks",Charles,Miller,C,"Post Scorer",25,26,3,Fenton,Fenton,MI,USA,4,82,225,25,32,13,10,26,17,19,38,27,29,30,31,97,A,76,37,58,58,10,0,0,0,1,0,0,1,0,0,0,0,2,0,,,0,0,Average,Loyal,"Is going to school mainly for academics",,"Gym Rat",Average,0,,0,0,,27,ECU,0,0,0,0,,1,0,0,0,1,0,0,0,0,0,0,0,0,0,0,0,0,10,5,4,0,0,828,"2026-03-11 14:25:35.918","2026-09-20 18:56:11.764",NULL,0,0,0,0,0,0,0,0,0,0,0,23,0
3135,17,MIL,Ian,Bennett,F,"Power Forward",35,29,13,,,,Indonesia,0,79,241,36,35,46,34,42,39,31,28,35,34,34,40,65,B,65,37,42,53,14,0,0,0,0,0,1,0,1,1,1,0,4,0,,,0,0,Frail,"Highest bidder",,,Average,,21,OKC,0,0,,26,DUKE,0,0,0,164,OKC,1,0,0,0,0,0,0,0,0,0,0,1,0,0,0,0,0,2.5,4,3,0,0,3135,"2026-03-11 14:25:39.098","2026-09-14 16:00:10.249",NULL,0,0,0,0,0,0,0,0,0,0,0,41,0
1090,17,"Milwaukee Bucks",Jeffrey,Rogan,F,"Small Forward",26,29,3,Casper,"Natrona County",WY,USA,3,80,222,24,31,32,15,28,23,17,22,22,26,30,20,62,C-,26,37,47,63,24,0,0,0,0,1,0,0,0,0,1,0,2,0,,,0,0,Average,"Championship seeking",Average,,Loud,Distracted,0,,0,0,,49,ULL,38,2,38,17,"Milwaukee Bucks",1,0,0,0,1,0,0,0,0,0,0,1,0,0,0,1,0,10,6,5,0,0,1090,"2026-03-11 14:25:35.918","2026-09-20 18:55:22.388",NULL,0,0,0,0,0,0,0,0,0,0,0,25,1
1858,17,"Milwaukee Bucks",Darryl,Carter,C,"Rim Protector",26,25,3,Woodstock,Woodstock,VT,USA,4,85,268,29,31,32,11,36,22,19,39,27,32,30,32,74,A+,86,42,53,68,22,0,1,0,1,1,0,0,0,0,0,0,3,0,,,0,0,Average,Average,Average,,Average,Average,0,,0,0,,113,MASS,0,0,0,0,,1,0,0,0,0,0,0,0,0,0,0,0,0,0,0,0,0,20,5,4,0,0,1858,"2026-03-11 14:25:37.165","2026-07-30 19:17:06.212",NULL,0,0,0,0,0,0,0,0,0,0,0,30,0
7503,17,MIL,William,Beesley,C,"Post Scorer",20,0,0,Tampa,Plant,FL,USA,4,81,265,22,27,31,7,12,21,25,23,26,20,29,15,96,B-,50,35,1,1,0,1,1,0,0,1,1,0,1,0,1,0,6,0,,,0,0,Popular,Average,"Prefers to play for a specific coach",,Average,Average,0,,0,0,,198,VILL,0,0,0,0,,1,0,0,0,1,0,0,0,0,0,0,1,0,0,0,0,0,0.7,7,4,0,0,7503,"2026-09-01 19:47:27.062","2026-09-20 18:52:11.058",NULL,0,0,0,0,0,0,0,0,0,0,0,20,0
849,17,"Milwaukee Bucks",Thomas,Smith,F,"Point Forward",26,26,3,,,,Russia,2,79,252,28,44,32,13,30,27,15,41,23,31,29,28,90,A+,100,36,63,53,15,1,1,0,0,0,0,1,1,0,0,0,4,0,,,0,0,Introvert,Average,Average,,Loud,Average,0,,0,0,,29,FIU,0,0,0,0,,1,1,0,0,0,0,0,0,0,0,0,0,0,0,0,0,0,31,4,3,0,0,849,"2026-03-11 14:25:35.918","2026-07-30 19:13:41.726",NULL,0,0,0,0,0,0,0,0,0,0,0,28,1
9041,17,MIL,Danilo,Pinto,F,"Point Forward",24,25,2,,,,Brazil,4,80,238,26,11,38,43,15,31,33,31,24,27,11,29,66,B+,9,39,42,53,16,0,1,1,0,1,1,1,0,0,0,1,6,0,,,0,0,Average,Average,Average,,Average,Average,6,"Cleveland Cavaliers",0,0,,101,"AS Sale",157,1,12,6,"Cleveland Cavaliers",1,0,0,0,0,0,0,0,0,0,0,1,1,1,0,0,0,10,7,6,0,0,9041,"2026-03-11 14:25:45.117","2026-07-30 19:30:24.638",NULL,0,0,0,0,0,0,0,0,0,0,0,33,0
3154,17,"Milwaukee Bucks",Scott,Allen,F,Two-Way,29,29,7,,,,Poland,0,80,234,33,32,33,33,32,32,32,34,36,35,34,38,47,C,47,48,16,63,18,0,0,0,0,1,0,0,0,0,0,0,1,0,,,0,0,Average,Average,,,Average,,0,,0,0,,41,IND,0,0,0,160,MIL,1,0,0,0,0,0,0,0,0,0,0,0,0,0,0,0,0,20,3,2,0,0,3154,"2026-03-11 14:25:39.098","2026-07-30 19:19:19.251",NULL,0,0,0,0,0,0,0,0,0,0,0,35,0
84,17,"Milwaukee Bucks",Francis,Doyle,G,"Point Guard",27,26,5,,,,Uruguay,0,74,211,27,33,35,26,40,31,30,36,20,20,10,20,46,C,46,42,47,58,19,0,1,0,1,1,0,1,1,0,0,0,5,0,,,0,0,Average,Average,,,Average,,0,,0,0,,134,SMC,0,0,0,160,MIL,1,0,0,0,0,0,0,0,0,0,0,0,0,0,0,0,0,20,4,3,0,0,84,"2026-03-11 14:25:34.683","2026-07-30 19:11:19.448",NULL,0,0,0,0,0,0,0,0,0,0,0,20,0
3157,17,MIL,Fred,Phillips,F,"Small Forward",30,30,8,,,,Singapore,0,77,229,38,31,38,40,39,38,39,34,40,41,40,46,41,C-,41,48,37,21,25,0,0,0,0,0,0,0,1,0,0,1,2,0,,,0,0,Average,Average,,,"Film Room Genius",,27,"San Antonio Spurs",0,0,,59,MICH,0,0,0,170,SAS,1,1,0,0,0,0,0,0,0,0,0,1,0,0,0,0,0,38.75,3,2,0,0,3157,"2026-03-11 14:25:39.098","2026-07-30 19:19:19.814",NULL,0,0,0,0,0,0,0,0,0,0,0,37,0
1121,17,"Milwaukee Bucks",Warren,Jones,G,"Shooting Guard",24,27,1,Middleton,Middleton,ID,USA,4,76,200,25,20,24,42,27,28,25,23,23,22,23,21,70,C,36,32,1,1,0,0,0,1,1,0,0,0,0,0,1,0,3,0,,,0,0,Average,Average,Legacy,,Average,Average,0,,0,0,,51,LT,0,2,61,17,"Milwaukee Bucks",1,0,0,0,0,0,0,0,0,0,0,0,0,0,0,0,0,10,0,0,0,0,1121,"2026-03-11 14:25:35.918","2026-07-30 19:14:37.385",NULL,0,0,0,0,0,0,0,0,0,0,0,37,0
2657,17,MIL,Mark,Johnson,G,3-and-D,22,0,0,Tulsa,Washington,OK,USA,4,70,188,25,28,25,35,20,28,27,15,26,19,21,27,82,A+,86,39,1,1,0,1,1,1,0,1,0,0,0,0,1,1,6,0,,,0,0,Average,"Highest bidder",Average,,"Focuses on Max Weight",Average,0,,0,0,,12,BAYL,0,0,0,0,,1,0,0,0,1,0,0,0,0,0,0,1,0,0,0,0,0,0.7,7,3,0,0,2657,"2026-09-01 19:43:08.938","2026-09-30 18:54:49.722",NULL,0,0,0,0,0,0,0,0,0,0,0,24,0
1646,17,MIL,Paul,Branch,F,Two-Way,24,27,1,"Severna Park","Severn School",MD,USA,3,79,251,21,29,38,12,32,21,13,30,12,20,15,15,51,B+,61,42,1,1,0,0,1,0,0,0,0,1,1,0,0,0,3,0,,,0,0,Average,Average,"Prefers to play for a national championship contender",,Average,Average,0,,0,0,,95,USM,0,0,0,0,,1,0,0,0,1,0,0,0,0,0,0,1,0,0,0,0,0,10,7,4,0,0,1646,"2026-03-11 14:25:37.165","2026-09-20 18:53:02.411",NULL,0,0,0,0,0,0,0,0,0,0,0,22,0
1151,17,"Milwaukee Bucks",Taylor,Grimm,G,"Combo Guard",25,29,3,Rexburg,Madison,ID,USA,3,75,203,28,24,31,33,28,34,46,21,30,18,19,26,85,A+,77,44,42,63,6,0,0,1,0,1,1,1,0,1,0,1,6,0,,,0,0,Average,Average,Average,,Average,Average,0,,0,0,,54,MRSH,0,0,0,0,,1,0,0,0,0,0,0,0,0,0,0,0,0,0,0,0,0,20,7,6,0,0,1151,"2026-03-11 14:25:35.918","2026-07-30 19:14:42.987",NULL,0,0,0,0,0,0,0,0,0,0,0,37,0
3465,17,MIL,Benjamin,Cooper,G,"Combo Guard",29,27,7,,,,Lebanon,0,76,215,28,23,32,22,24,26,28,26,33,30,25,47,68,B,68,45,63,47,19,1,0,1,1,1,0,0,0,0,0,1,5,0,,,0,0,Average,Average,,,Average,,0,,0,0,,0,Serbia,0,0,0,151,DEN,1,0,0,0,0,0,0,0,0,0,0,1,0,0,0,0,0,2.2,5,4,0,0,3465,"2026-03-11 14:25:39.715","2026-09-18 16:00:20.860",NULL,0,0,0,0,0,0,0,0,0,0,0,36,0
2452,17,MIL,Steven,Ramirez,G,Slasher,26,30,3,,,,Ireland,3,76,216,26,24,27,45,32,33,30,26,22,22,17,24,95,C+,53,37,58,53,18,0,1,1,1,0,0,1,1,0,1,0,6,0,,,0,0,Perfectionist,Average,"Prefers to play for a team with a rich history",,"Footwork king",Average,0,,0,0,,205,SCU,79,2,79,5,"Chicago Bulls",1,0,0,0,0,0,0,0,0,0,0,1,0,0,0,0,0,20,5,4,0,0,2452,"2026-03-11 14:25:39.098","2026-07-30 19:19:02.859",NULL,0,0,0,0,0,0,0,0,0,0,0,26,0
8606,17,"Milwaukee Bucks",Evelio,Jurado,G,"Point Guard",18,22,0,,,,Mexico,4,74,177,21,21,34,19,22,26,24,24,19,19,22,9,82,A-,53,36,79,73,8,1,1,0,0,1,1,0,1,0,1,0,6,0,,,0,0,Average,Average,Average,,"Footwork king",Average,0,,0,0,,125,"Capitanes de Ciudad de Mexico",244,2,32,17,"Milwaukee Bucks",1,0,0,0,1,0,0,0,0,0,0,1,1,1,0,0,0,0.7,7,4,0,0,8606,"2026-03-11 14:25:43.434","2026-09-20 18:52:02.504",NULL,0,0,0,0,0,0,0,0,0,0,0,26,0
968,17,"Milwaukee Bucks",Alberto,Berganza,C,"Stretch Center",26,29,3,Parkersburg,Parkersburg,WV,USA,3,83,265,26,34,14,14,15,20,16,31,34,36,41,42,79,A,78,36,47,63,15,0,0,0,0,0,1,1,0,0,1,1,4,0,,,0,0,Average,Average,Average,,"Footwork king","Didn't come here to play school",0,,0,0,,38,HAWI,10,1,10,17,"Milwaukee Bucks",1,0,0,0,0,0,0,0,0,0,0,0,0,0,0,0,0,20,7,6,0,0,968,"2026-03-11 14:25:35.918","2026-07-30 19:14:06.542",NULL,0,0,0,0,0,0,0,0,0,0,0,26,0
3529,17,MIL,Phillip,Phillips,C,"Rim Protector",33,30,11,,,,Mali,0,81,264,32,27,23,36,34,30,38,37,34,34,28,34,88,A,88,43,42,53,11,0,0,0,0,0,0,0,0,1,0,0,1,0,,,0,0,Average,Average,,,Hard-working,,11,HOU,0,0,,123,WAKE,0,0,0,166,PHI,1,0,0,0,0,0,0,0,0,0,0,1,0,0,0,0,0,2.5,7,6,0,0,3529,"2026-03-11 14:25:39.715","2026-09-24 16:00:09.343",NULL,0,0,0,0,0,0,0,0,0,0,0,32,0
726,17,"Milwaukee Bucks",Jeremy,Wright,C,"Post Scorer",25,24,2,,,,Bulgaria,3,82,278,24,22,16,9,19,17,28,26,33,30,28,39,88,C,37,45,1,1,14,0,0,0,0,0,1,0,1,0,0,1,3,0,,,0,0,Average,"Hometown hero",Average,,Complacent,Average,17,"Milwaukee Bucks",0,0,,18,CAL,0,2,42,17,"Milwaukee Bucks",1,0,0,0,1,0,0,0,0,0,0,0,0,0,0,1,0,20,4,3,0,0,726,"2026-03-11 14:25:35.298","2026-09-20 18:59:28.628",NULL,0,0,0,0,0,0,0,0,0,0,0,30,0
2271,17,"Milwaukee Bucks",Benjamin,Morris,F,"Point Forward",26,29,3,"Lake Providence","General Trass",LA,USA,3,77,220,23,28,30,14,27,25,26,16,25,21,20,27,38,A+,99,41,37,68,13,0,0,0,0,0,1,1,1,0,0,0,3,0,,,0,0,Average,Average,Average,,Average,Average,0,,0,0,,191,JOES,0,0,0,0,,1,0,0,0,1,0,0,0,0,0,0,0,0,0,0,0,0,10,6,5,0,0,2271,"2026-03-11 14:25:39.098","2026-09-20 18:54:59.675",NULL,0,0,0,0,0,0,0,0,0,0,0,23,0
1767,17,MIL,Vijaya,Alba,F,"Power Forward",24,27,1,Waseca,Waseca,MN,USA,3,77,227,24,39,19,23,23,26,14,39,15,26,21,15,98,B,62,36,1,1,0,1,0,1,1,0,0,1,0,0,1,0,5,0,,,0,0,Average,"Hates Tags",Average,,"Film Room Genius",Average,19,NOP,0,0,,105,TLDO,0,1,19,21,"Oklahoma City Thunder",1,0,0,0,1,0,0,0,0,0,0,0,0,0,0,0,0,20,0,0,0,0,1767,"2026-03-11 14:25:37.165","2026-09-20 18:53:25.888",NULL,0,0,0,0,0,0,0,0,0,0,0,30,0
9707,17,"Milwaukee Bucks",Ling,Yung,F,"Point Forward",18,26,0,,,,China,4,79,237,21,35,23,32,14,26,15,15,18,19,29,10,84,B+,76,30,53,79,7,1,1,1,0,0,0,1,1,0,1,0,6,0,,,0,0,Average,"Hometown hero",Average,,Average,Average,0,,0,0,,75,"Levanga Hokkaido",263,2,20,17,"Milwaukee Bucks",1,0,0,0,1,0,0,0,0,0,0,1,1,1,0,0,0,0.7,7,4,0,0,9707,"2026-03-11 14:25:48.111","2026-09-20 18:51:59.185",NULL,0,0,0,0,0,0,0,0,0,0,0,22,0
264,18,MIN,Benjamin,Morris,G,"Shooting Guard",27,27,5,,,,Spain,0,75,192,34,36,28,36,32,28,27,32,37,41,50,34,81,A,81,48,42,37,18,0,1,0,0,1,0,0,0,0,1,0,3,0,,,0,0,Cooperative,Average,,,Average,,0,,0,0,,139,SDST,0,0,0,161,MIN,1,1,0,0,0,0,0,0,0,0,0,0,0,0,0,1,0,31,3,2,0,0,264,"2026-03-11 14:25:34.683","2026-07-30 19:12:00.016",NULL,0,0,0,0,0,0,0,0,0,0,0,37,0
6941,18,"Minnesota Timberwolves",Jason,Smithy,G,"Combo Guard",21,0,0,"St. Clair Shores","South Lake",MI,USA,5,76,185,27,17,32,28,29,26,27,25,28,28,30,29,57,B+,57,39,1,1,0,0,1,0,1,0,1,0,0,0,1,0,4,0,,,0,0,Outgoing,"Championship seeking","Prefers to play for a national championship contender",,"Footwork king","Class Clown",0,,0,0,,197,SJU,211,1,4,18,"Minnesota Timberwolves",1,0,0,0,0,0,0,0,0,0,0,0,0,0,0,0,0,0,0,0,0,0,6941,"2026-09-01 19:38:06.338","2026-09-01 19:38:06.338",NULL,0,0,0,0,0,0,0,0,0,0,0,24,0
6949,18,"Minnesota Timberwolves",Dante,Obo,F,Swingman,21,0,0,Butler,Butler,NJ,USA,5,80,223,25,25,18,29,20,27,24,23,27,27,21,36,72,A,72,46,1,1,0,0,0,1,0,0,0,0,0,0,1,1,3,0,,,0,0,Jokester,"Money motivated","Prefers to play for a team where he can start immediately",,"Footwork king","Loves Learning",0,,0,0,,57,MIAF,217,1,9,18,"Minnesota Timberwolves",1,0,0,0,0,0,0,0,0,0,0,0,0,0,0,0,0,0,0,0,0,0,6949,"2026-09-01 19:38:10.725","2026-09-01 19:38:10.725",NULL,0,0,0,0,0,0,0,0,0,0,0,26,0
1323,18,"Minnesota Timberwolves",Darren,George,C,"Stretch Center",26,28,3,Lombard,"Glenbard East",IL,USA,3,81,237,27,40,24,18,9,25,26,30,31,32,38,31,90,C+,43,41,63,47,18,1,1,0,0,0,1,0,0,0,1,0,4,0,,,0,0,Motivational,Loyal,Average,,Quiet,"Skips classes often",0,,0,0,,0,NEVR,0,0,0,0,,1,0,0,0,0,0,0,0,0,0,0,0,0,0,0,0,0,20,6,5,0,0,1323,"2026-03-11 14:25:36.540","2026-07-30 19:15:18.256",NULL,0,0,0,0,0,0,0,0,0,0,0,30,0
2094,18,"Minnesota Timberwolves",Tyler,Clarke,G,"Point Guard",23,0,0,Edinburg,Vela,TX,USA,4,73,184,26,23,20,28,28,21,16,20,29,30,35,37,86,B,62,39,1,1,0,0,0,0,0,1,0,1,0,0,1,1,4,0,,,0,0,Motivation,"Wants extensions","Prefers to play for a team where he can start immediately",,Hard-working,Average,0,,0,0,,139,SDST,231,1,11,18,"Minnesota Timberwolves",1,0,0,0,0,0,0,0,0,0,0,0,0,0,0,0,0,0,0,0,0,0,2094,"2026-09-01 19:38:12.418","2026-09-01 19:38:12.418",NULL,0,0,0,0,0,0,0,0,0,0,0,29,0
2101,18,"Minnesota Timberwolves",Brian,Pye,F,Two-Way,26,28,3,"Las Cruces",Mayfield,NM,USA,3,79,213,27,30,38,37,33,30,25,22,26,22,25,22,95,A+,91,48,68,63,21,0,1,1,0,0,1,0,1,0,0,0,4,0,,,0,0,Average,Average,Average,,Average,"Didn't come here to play school",0,,0,0,,141,FGCU,35,2,35,18,"Minnesota Timberwolves",1,0,0,0,0,0,0,0,0,0,0,0,0,0,0,1,0,20,5,4,0,0,2101,"2026-03-11 14:25:38.274","2026-07-30 19:17:51.925",NULL,0,0,0,0,0,0,0,0,0,0,0,28,0
1096,18,MIN,Richard,Dutrow,C,"Post Scorer",24,25,3,"The Colony","The Colony",TX,USA,4,84,267,23,30,9,25,11,17,10,33,23,33,30,33,41,A+,83,44,53,53,8,0,0,1,0,0,1,0,0,1,0,0,3,0,,,0,0,Average,Average,Average,,Average,Average,25,POR,0,0,,49,ULL,0,0,0,0,,1,0,0,0,0,0,0,0,0,0,0,0,0,0,0,0,0,1.7,7,6,0,0,1096,"2026-03-11 14:25:35.918","2026-07-30 19:14:32.345",NULL,0,0,0,0,0,0,0,0,0,0,0,11,0
2399,18,"Minnesota Timberwolves",Bobby,Holt,F,"Power Forward",26,26,3,Burlington,Burlington,VT,USA,4,77,245,29,27,26,33,32,33,35,30,27,28,34,22,74,D-,18,38,53,89,16,0,0,1,0,1,1,0,0,0,1,0,4,0,,,0,0,Average,Average,"Prefers to play for a team where he can start immediately",,Average,Average,0,,0,0,,201,LMU,65,2,65,18,"Minnesota Timberwolves",1,0,0,0,0,0,0,0,0,0,0,0,0,0,0,1,0,20,4,3,0,0,2399,"2026-03-11 14:25:39.098","2026-07-30 19:18:51.860",NULL,0,0,0,0,0,0,0,0,0,0,0,29,0
1129,18,"Minnesota Timberwolves",Derek,Sandhu,F,"Power Forward",24,26,1,,,,Cambodia,4,79,255,25,29,23,21,20,22,21,19,29,26,36,28,45,C+,41,41,1,1,0,0,0,1,0,0,0,0,0,0,1,0,2,0,,,0,0,Popular,"Hates Cleveland","Prefers to play for a national championship contender",,"Skips Leg Day",Average,0,,0,0,,52,LOU,0,2,33,18,"Minnesota Timberwolves",1,0,0,0,0,0,0,0,0,0,0,0,0,0,0,0,0,10,0,0,0,0,1129,"2026-03-11 14:25:35.918","2026-07-30 19:14:38.570",NULL,0,0,0,0,0,0,0,0,0,0,0,28,0
8842,18,"Minnesota Timberwolves",Peter,Fodor,F,"Point Forward",19,23,0,,,,Hungary,5,79,246,22,32,25,27,19,29,24,25,18,19,19,14,45,C+,54,35,32,63,9,1,1,1,1,1,1,1,1,0,0,0,8,0,,,0,0,Average,"Drafted team discount",Average,,Average,"Values academics",0,,0,0,,132,"BC Balcan",245,2,7,18,"Minnesota Timberwolves",1,0,0,0,0,0,0,0,0,0,0,1,1,1,0,0,0,0.7,7,4,0,0,8842,"2026-03-11 14:25:44.066","2026-09-01 19:38:36.820",NULL,0,0,0,0,0,0,0,0,0,0,0,24,0
2445,18,"Minnesota Timberwolves",Jeffrey,Nocito,F,"Power Forward",24,27,1,Mesa,"Desert Ridge",AZ,USA,4,79,232,30,30,42,15,31,31,30,34,29,29,33,23,93,C,31,47,1,1,0,0,1,0,0,0,1,0,0,0,1,0,3,0,,,0,0,Uncooperative,Average,Average,,Average,Average,0,,0,0,,204,SF,0,1,1,18,"Minnesota Timberwolves",1,1,0,0,0,0,0,0,0,0,0,0,0,0,0,0,0,31,0,0,0,0,2445,"2026-03-11 14:25:39.098","2026-07-30 19:19:01.934",NULL,0,0,0,0,0,0,0,0,0,0,0,26,0
911,18,"Minnesota Timberwolves",Andrew,Kramer,C,"Stretch Center",23,0,0,"Coconut Creek","Coconut Creek",FL,USA,4,82,248,22,21,4,30,6,19,17,31,29,29,29,34,53,D,29,34,1,1,0,0,0,1,0,0,0,0,1,1,0,0,3,0,,,0,0,Average,Market-driven,Average,,Average,Average,0,,0,0,,33,FRES,239,1,28,18,"Minnesota Timberwolves",1,0,0,0,0,0,0,0,0,0,0,0,0,0,0,0,0,0,0,0,0,0,911,"2026-09-01 19:38:26.925","2026-09-01 19:38:26.925",NULL,0,0,0,0,0,0,0,0,0,0,0,22,0
944,18,"Minnesota Timberwolves",Michael,Valerio,C,"Rim Protector",25,25,3,,,,Bulgaria,4,83,263,30,38,22,26,20,31,29,31,31,32,35,33,83,A,69,41,37,37,18,0,0,0,0,1,1,1,0,1,1,0,5,0,,,0,0,Average,"Hates Cleveland",Average,,Complacent,Average,0,,0,0,,36,GAST,7,1,7,18,"Minnesota Timberwolves",1,1,0,0,0,0,0,0,0,0,0,0,0,0,0,0,0,31,5,4,0,0,944,"2026-03-11 14:25:35.918","2026-07-30 19:14:01.490",NULL,0,0,0,0,0,0,0,0,0,0,0,33,0
1741,18,"Minnesota Timberwolves",Richard,Nave,G,"Point Guard",24,30,1,Philadelphia,"Springside Chestnut Hill Academy",PA,USA,5,72,202,28,22,28,23,30,33,44,17,33,24,16,35,62,B-,57,35,1,1,0,0,0,0,0,0,1,0,1,0,0,1,3,0,,,0,0,Average,Average,Average,,"Focuses on Max Weight",Average,0,,0,0,,103,TXST,0,1,11,18,"Minnesota Timberwolves",1,0,0,0,0,0,0,0,0,0,0,0,0,0,0,0,0,20,0,0,0,0,1741,"2026-03-11 14:25:37.165","2026-07-30 19:16:42.836",NULL,0,0,0,0,0,0,0,0,0,0,0,38,0
1284,19,"New Orleans Pelicans",Richard,Arthur,F,"Point Forward",26,25,3,,,,Turkey,3,77,229,28,29,19,22,27,21,25,34,31,34,25,45,85,A+,87,36,68,32,14,0,0,0,1,0,0,1,0,0,0,1,3,0,,,0,0,Disloyal,Average,"Prefers to play for a national championship contender",,Hard-working,Average,0,,0,0,,65,NAVY,0,0,0,0,,1,0,0,0,0,0,0,0,0,0,0,0,0,0,0,0,0,20,5,4,0,0,1284,"2026-03-11 14:25:36.540","2026-07-30 19:15:10.284",NULL,0,0,0,0,0,0,0,0,0,0,0,28,0
776,19,NOP,Ted,Burri,G,Slasher,26,27,3,,,,China,2,77,189,24,15,40,39,29,31,37,15,22,15,10,26,85,A+,85,37,53,58,13,0,1,1,1,1,1,0,0,1,0,1,7,0,,,0,0,Average,Average,"Prefers to be close to home",,Average,Average,0,,0,0,,22,CLEM,0,0,0,0,,1,0,0,0,0,0,0,0,0,0,0,0,0,0,0,0,0,10,4,3,0,0,776,"2026-03-11 14:25:35.298","2026-07-30 19:13:27.390",NULL,0,0,0,0,0,0,0,0,0,0,0,23,0
2070,19,NOP,Milind,Hussain,C,"Stretch Center",24,28,3,Endwell,Maine-Endwell,NY,USA,3,81,251,26,34,27,12,18,24,27,41,28,31,25,35,95,A+,93,36,27,58,11,1,1,0,0,1,1,1,0,0,0,1,6,0,,,0,0,Average,Average,Average,,Average,Average,0,,0,0,,134,SMC,0,0,0,0,,1,0,0,0,0,0,0,0,0,0,0,0,0,0,0,0,0,20,7,6,0,0,2070,"2026-03-11 14:25:38.274","2026-07-30 19:17:47.495",NULL,0,0,0,0,0,0,0,0,0,0,0,21,0
1055,19,"New Orleans Pelicants",Eric,Flores,G,"Combo Guard",25,27,3,,,,USA,3,72,188,29,20,37,33,33,26,23,18,29,30,36,36,63,A,71,40,73,37,3,0,1,0,1,1,0,1,0,0,1,1,6,0,,,0,0,Eccentric,Average,Average,,Average,Average,12,"Indiana Pacers",0,0,,46,KENT,75,2,75,12,"Indiana Pacers",1,0,0,0,0,0,0,0,0,0,0,0,0,0,0,1,0,10,7,6,0,0,1055,"2026-03-11 14:25:35.918","2026-07-30 19:14:23.556",NULL,0,0,0,0,0,0,0,0,0,0,0,28,0
6944,19,"New Orleans Pelicans",Emile,Musa,F,Two-Way,21,0,0,Lexington,"Frederick Douglass",KY,USA,5,80,230,24,24,32,18,13,24,15,31,26,28,28,28,52,C+,52,40,1,1,0,0,1,0,1,1,0,1,0,0,1,1,6,0,,,0,0,Tough,"Hometown hero","Prefers to play for a team with a rich history",,Hard-working,"Has other priorities",0,,0,0,,47,UKEN,232,1,30,19,"New Orleans Pelicans",1,0,0,0,1,0,0,0,0,0,0,0,0,0,0,0,0,0,0,0,0,0,6944,"2026-09-01 19:38:28.612","2026-10-04 03:22:13.110",NULL,0,0,0,0,0,0,0,0,0,0,0,19,0
7712,19,"New Orleans Pelican'ts",Long,Moua,F,Swingman,20,0,0,"North Andover","North Andover",MA,USA,5,77,229,24,21,27,29,25,24,20,27,23,22,25,21,55,C,33,34,1,1,0,1,1,1,1,0,0,1,0,0,1,1,7,0,,,0,0,Average,Average,Average,,Average,"Values academics",0,,0,0,,121,UVA,248,2,27,19,"New Orleans Pelican'ts",1,0,0,0,1,0,0,0,0,0,0,0,0,0,0,0,0,0,0,0,0,0,7712,"2026-09-01 19:38:54.689","2026-10-04 03:22:04.499",NULL,0,0,0,0,0,0,0,0,0,0,0,24,0
2348,19,"New Orleans Pelicans",Dennis,Mitchell,G,"Point Guard",26,27,3,Edgard,"West St. John",LA,USA,4,76,217,28,29,45,30,29,33,24,19,25,24,24,31,68,A+,100,43,53,68,16,0,1,0,0,0,0,0,1,0,0,0,2,0,,,0,0,Average,Average,Average,,Average,Average,0,,0,0,,197,SJU,0,0,0,0,,1,0,0,0,0,0,0,0,0,0,0,0,0,0,0,0,0,10,5,4,0,0,2348,"2026-03-11 14:25:39.098","2026-07-30 19:18:41.813",NULL,0,0,0,0,0,0,0,0,0,0,0,34,0
2113,19,"New Orleans Pelicans",Alan,Laude,G,Slasher,26,28,3,,,,Croatia,2,76,186,27,15,28,31,30,29,38,16,34,24,31,30,73,C,27,41,53,47,13,0,0,1,0,1,1,1,0,1,1,1,7,0,,,0,0,Average,Average,Fanboy,,Average,"Didn't come here to play school",19,"New Orleans Pelicans",0,0,,179,EVAN,81,2,81,19,"New Orleans Pelicans",1,0,0,0,0,0,0,0,0,0,0,0,0,0,0,1,0,20,5,4,0,0,2113,"2026-03-11 14:25:38.274","2026-07-30 19:17:53.669",NULL,0,0,0,0,0,0,0,0,0,0,0,17,0
1353,19,"New Orleans Pelicans",Thomas,Whisenhunt,F,"Small Forward",26,29,3,,,,Canada,3,80,259,25,30,29,22,27,25,16,33,25,26,25,28,79,A,79,36,37,58,14,0,0,1,0,0,0,1,1,0,1,1,5,0,,,0,0,Focused,Average,Average,,Average,Average,0,,0,0,,71,UNC,0,0,0,0,,1,0,0,0,0,0,0,0,0,0,0,0,0,0,0,0,0,20,5,4,0,0,1353,"2026-03-11 14:25:36.540","2026-07-30 19:15:24.385",NULL,0,0,0,0,0,0,0,0,0,0,0,26,0
1616,19,NOP,Aziz,Chea,F,"Point Forward",25,29,2,Toccoa,"Stephens County",GA,USA,3,77,244,23,21,20,17,24,17,16,30,27,30,26,39,56,B+,53,39,1,1,19,0,0,1,0,1,0,1,1,1,0,1,6,0,,,0,0,Average,Average,Open-Minded,,Average,Average,16,MIA,0,0,,93,SOCA,0,0,0,0,,1,0,0,0,0,0,0,0,0,0,0,0,0,0,0,0,0,10,4,3,0,0,1616,"2026-03-11 14:25:37.165","2026-07-30 19:16:17.259",NULL,0,0,0,0,0,0,0,0,0,0,0,26,0
2389,19,NOP,Gregory,Gatza,C,"Rim Protector",25,24,2,Muskegon,Reeths-Puffer,MI,USA,2,85,248,26,31,21,20,30,21,10,24,27,31,35,33,75,A+,77,40,1,1,12,1,0,0,1,0,1,1,0,1,1,0,6,0,,,0,0,Average,Average,Average,,Average,Average,0,,0,0,,200,GONZ,0,0,0,0,,1,0,0,0,0,0,0,0,0,0,0,0,0,0,0,0,0,10,5,4,0,0,2389,"2026-03-11 14:25:39.098","2026-07-30 19:18:49.999",NULL,0,0,0,0,0,0,0,0,0,0,0,25,0
2413,19,NOP,Jerry,Lawson,G,All-Around,26,30,3,"Oklahoma City","Crossings Christian",OK,USA,4,74,202,31,30,37,38,33,36,39,16,33,24,28,31,98,B,58,45,47,47,25,1,1,1,1,0,1,0,0,1,1,1,8,0,,,0,0,Average,Average,"Wants that NIL money",,Average,Average,25,"Portland Trailblazers",0,0,,202,PAC,0,0,0,0,,1,1,0,0,0,0,0,0,0,0,0,0,0,0,0,0,0,31,6,5,0,0,2413,"2026-03-11 14:25:39.098","2026-07-30 19:18:54.789",NULL,0,0,0,0,0,0,0,0,0,0,0,28,1
2205,19,"New Orleans Pelicans",Richard,Kennedy,G,"Combo Guard",26,27,3,"Allen Park","Allen Park",MI,USA,3,72,202,28,32,28,29,37,33,37,20,25,20,16,29,81,A+,80,35,63,63,23,1,0,0,1,1,1,1,0,0,0,1,6,0,,,0,0,Average,Loyal,"Prefers to play for a team where he can start immediately",,Average,Tutor,0,,0,0,,186,GW,0,0,0,0,,1,0,0,0,0,0,0,0,0,0,0,0,0,0,0,0,0,20,6,5,0,0,2205,"2026-03-11 14:25:38.274","2026-07-30 19:18:12.525",NULL,0,0,0,0,0,0,0,0,0,0,0,24,0
7326,19,"New Orleans Pelican'ts",David,Wyant,G,"Shooting Guard",20,0,0,"Las Cruces",Mayfield,NM,USA,5,74,195,25,29,18,23,30,28,31,21,26,20,18,29,35,B-,42,39,1,1,0,1,1,0,1,0,1,1,0,1,0,1,7,0,,,0,0,Jokester,Average,Legacy,,Average,Average,0,,0,0,,26,DUKE,220,1,29,19,"New Orleans Pelican'ts",1,0,0,0,0,0,0,0,0,0,0,0,0,0,0,0,0,0,0,0,0,0,7326,"2026-09-01 19:38:27.773","2026-09-01 19:38:27.773",NULL,0,0,0,0,0,0,0,0,0,0,0,25,0
2212,19,"New Orleans Pelicans",Sergio,Mares,G,"Combo Guard",24,24,2,,,,Guatemala,3,75,183,25,20,27,30,39,29,41,12,26,12,15,16,89,A+,77,41,1,1,8,0,0,0,1,0,1,0,0,0,0,0,2,0,,,0,0,Frail,Average,Average,,Average,"Loves Learning",0,,0,0,,186,GW,0,2,45,19,"New Orleans Pelicans",1,0,0,0,0,0,0,0,0,0,0,0,0,0,0,1,0,10,6,5,0,0,2212,"2026-03-11 14:25:38.274","2026-07-30 19:18:14.558",NULL,0,0,0,0,0,0,0,0,0,0,0,20,0
7592,19,"New Orleans Pelicans",David,Simon,G,"Combo Guard",20,0,0,Brookfield,"Brookfield East",WI,USA,5,73,194,25,24,24,28,34,26,29,25,21,23,19,25,97,B-,52,42,1,1,0,1,1,1,1,0,1,1,0,1,0,1,8,0,,,0,0,Average,"Drafted team discount",Average,,Hard-working,Average,0,,0,0,,5,ZONA,235,1,5,19,"New Orleans Pelicans",1,0,0,0,0,0,0,0,0,0,0,0,0,0,0,0,0,0,0,0,0,0,7592,"2026-09-01 19:38:07.184","2026-09-01 19:38:07.184",NULL,0,0,0,0,0,0,0,0,0,0,0,25,0
2258,19,"New Orleans Pelicans",Franklin,Cotto,C,"Stretch Center",26,29,3,,,,Mexico,4,85,240,26,39,28,17,26,26,12,40,23,32,25,32,60,A+,84,47,58,53,26,0,0,0,1,0,0,1,0,0,0,0,2,0,,,0,0,Disruptive,Average,Average,,Average,"Less likely to get academic probation",0,,0,0,,190,RICH,19,1,19,19,"New Orleans Pelicans",1,0,0,0,0,0,0,0,0,0,0,0,0,0,0,0,0,20,4,3,0,0,2258,"2026-03-11 14:25:38.274","2026-07-30 19:18:23.456",NULL,0,0,0,0,0,0,0,0,0,0,0,23,0
284,20,"New York Knicks",Jonathan,Hughes,F,"Small Forward",25,29,2,Marion,Marion,IN,USA,4,77,232,27,11,28,31,36,23,21,49,21,33,25,24,81,F,6,41,1,1,15,0,0,1,0,1,0,1,1,0,0,0,4,0,,,0,0,Abrasive,Average,Average,,Average,Average,0,,0,0,,24,COLO,0,1,28,20,"New York Knicks",1,0,0,0,0,0,0,0,0,0,0,0,0,0,0,0,0,20,7,6,0,0,284,"2026-03-11 14:25:34.683","2026-07-30 19:12:05.553",NULL,0,0,0,0,0,0,0,0,0,0,0,48,0
3361,20,NYK,Daron,Thao,C,"Post Scorer",33,30,11,,,,Honduras,0,83,256,34,38,38,29,35,33,25,36,32,36,30,48,87,A,87,36,37,32,26,0,0,0,0,0,1,0,0,0,0,1,2,0,,,0,0,Average,"I'm the starter",,,Average,,0,,0,0,,0,Australia,0,0,0,161,MIN,1,0,0,0,0,0,0,0,0,0,0,1,0,0,0,0,0,10,7,6,0,0,3361,"2026-03-11 14:25:39.715","2026-09-12 17:02:19.175",NULL,0,0,0,0,0,0,0,0,0,0,0,33,0
1078,20,NYK,Thomas,Arrieta,F,Two-Way,26,29,3,Missoula,"Loyola-Sacred Heart",MT,USA,3,77,253,28,27,26,22,44,32,43,22,29,23,21,21,97,F,18,46,58,47,19,0,1,0,1,1,1,0,0,0,0,0,4,0,,,0,0,Uncooperative,Average,Average,,Average,Average,16,"Miami Heat",0,0,,48,LU,0,0,0,0,,1,0,0,0,0,0,0,0,0,0,0,1,0,0,0,0,0,20,7,6,0,0,1078,"2026-03-11 14:25:35.918","2026-09-12 17:04:41.250",NULL,0,0,0,0,0,0,0,0,0,0,0,34,0
2115,20,"New York Knicks",John,Mizutani,C,"Stretch Center",26,26,3,Prescott,Prescott,AR,USA,4,82,240,28,31,34,22,24,29,23,37,26,31,28,30,74,B+,64,38,63,58,21,0,1,0,0,0,0,1,1,1,0,0,4,0,,,0,0,Average,Average,Average,,Average,Average,0,,0,0,,179,EVAN,18,1,18,20,"New York Knicks",1,0,0,0,0,0,0,0,0,0,0,0,0,0,0,0,0,20,7,6,0,0,2115,"2026-03-11 14:25:38.274","2026-07-30 19:17:54.261",NULL,0,0,0,0,0,0,0,0,0,0,0,30,0
3147,20,NYK,George,Watson,G,"Point Guard",32,27,10,,,,Israel,0,72,194,34,43,36,17,27,35,40,38,38,38,38,37,56,C+,56,31,37,37,22,0,0,1,0,0,0,0,0,0,0,1,2,0,,,0,0,Irrational,Average,,,Average,,21,"Oklahoma City Thunder",0,0,,0,Japan,0,0,0,164,OKC,1,0,0,0,0,0,0,0,0,0,0,1,0,0,0,0,0,20,5,4,0,0,3147,"2026-03-11 14:25:39.098","2026-07-30 19:19:17.183",NULL,0,0,0,0,0,0,0,0,0,0,0,24,1
3152,20,NYK,Howard,Richardson,G,"Combo Guard",30,25,8,,,,Indonesia,0,75,197,28,32,34,12,30,25,31,30,30,30,33,26,36,D+,36,43,27,47,10,0,0,0,0,1,0,0,1,0,0,0,2,0,,,0,0,Average,"Wants extensions",,,"Skips Leg Day",,0,,0,0,,102,TAMU,0,0,0,178,CLE,1,0,0,0,0,0,0,0,0,0,0,1,0,0,0,0,0,10,4,3,0,0,3152,"2026-03-11 14:25:39.098","2026-09-12 17:04:43.844",NULL,0,0,0,0,0,0,0,0,0,0,0,24,1
1625,20,"New York Knicks",William,Schulman,G,All-Around,23,0,0,,,,Ukraine,3,70,192,22,16,26,35,32,23,16,17,20,20,18,26,72,B+,56,41,1,1,0,1,0,1,1,0,1,1,1,1,0,1,8,0,,,0,0,Extroverted,Average,"Prefers to play for an up-and-coming team",,"Gym Rat","Teacher's Pet",0,,0,0,,93,SOCA,261,2,2,20,"New York Knicks",1,0,0,0,0,0,0,0,0,0,0,0,0,0,0,0,0,0,0,0,0,0,1625,"2026-09-01 19:38:32.290","2026-09-01 19:38:32.290",NULL,0,0,0,0,0,0,0,0,0,0,0,28,1
3201,20,"New York Knicks",Brent,Klein,G,Slasher,30,29,8,,,,Australia,0,75,195,39,42,38,29,38,37,40,37,41,43,37,48,63,B,63,48,21,42,21,0,0,0,0,1,0,1,0,0,0,0,2,0,,,0,0,Average,Average,,,"Center of Attention",,0,,0,0,,66,NCST,0,0,0,163,NYK,1,1,0,0,0,0,0,0,0,0,0,0,0,0,0,0,0,38.75,3,2,0,0,3201,"2026-03-11 14:25:39.098","2026-07-30 19:19:27.747",NULL,0,0,0,0,0,0,0,0,0,0,0,40,0
3241,20,NYK,Shaun,Robbins,G,"Combo Guard",32,27,10,,,,Sweden,0,76,202,32,27,35,25,38,27,31,41,35,35,35,34,66,B,66,34,53,53,20,1,1,1,0,1,0,0,1,1,0,1,7,0,,,0,0,Average,Loyal,,,Average,,0,,0,0,,121,UVA,0,0,0,158,MEM,1,0,0,0,0,0,0,0,0,0,0,1,0,0,0,0,0,10,4,3,0,0,3241,"2026-03-11 14:25:39.098","2026-09-12 17:04:28.457",NULL,0,0,0,0,0,0,0,0,0,0,0,31,1
3252,20,NYK,Phillip,Sanchez,F,Swingman,33,30,11,,,,Germany,0,79,242,34,37,45,33,48,33,33,31,28,29,29,28,46,C,46,40,53,68,19,0,0,1,0,1,0,1,0,0,0,0,3,0,,,0,0,Average,"Hometown hero",,,"Skips Leg Day",,1,"Atlanta Hawks",0,0,,85,PITT,0,0,0,146,ATL,1,0,0,0,0,0,0,0,0,0,0,1,0,0,0,0,0,10,4,3,0,0,3252,"2026-03-11 14:25:39.098","2026-09-12 17:02:21.990",NULL,0,0,0,0,0,0,0,0,0,0,0,43,0
706,20,"New York Knicks",Richard,Holbrook,G,"Point Guard",23,0,0,,,,Belize,3,76,214,23,17,23,17,25,24,33,17,28,23,16,32,85,A+,85,42,1,1,0,0,0,0,0,1,0,0,0,0,1,1,3,0,,,0,0,Average,Average,Open-Minded,,Average,"Values academics",0,,0,0,,16,BUFF,228,1,3,20,"New York Knicks",1,0,0,0,0,0,0,0,0,0,0,0,0,0,0,0,0,0,0,0,0,0,706,"2026-09-01 19:38:05.499","2026-09-01 19:38:05.499",NULL,0,0,0,0,0,0,0,0,0,0,0,26,0
3272,20,NYK,Mac,Neill,C,"Post Scorer",34,28,12,,,,Uganda,0,83,262,35,34,36,26,32,35,45,32,41,35,38,40,85,A,85,34,84,42,14,0,0,0,0,0,0,1,0,0,1,1,3,0,,,0,0,Cooperative,Average,,,Hard-working,,0,,0,0,,94,USF,0,0,0,175,VAN,1,0,0,0,0,0,0,0,0,0,0,1,0,0,0,0,0,10,4,3,0,0,3272,"2026-03-11 14:25:39.715","2026-09-12 17:02:17.064",NULL,0,0,0,0,0,0,0,0,0,0,0,38,0
222,20,"New York Knicks",Craig,Bennett,F,Swingman,24,28,1,Landisville,Hempfield,PA,USA,5,78,238,29,31,16,38,25,30,36,18,32,30,35,28,81,B,52,38,1,1,0,0,0,1,0,1,1,0,0,0,1,0,4,0,,,0,0,Average,Average,Average,,Average,Average,0,,0,0,,43,IAST,0,1,4,20,"New York Knicks",1,0,0,0,0,0,0,0,0,0,0,0,0,0,0,0,0,20,0,0,0,0,222,"2026-03-11 14:25:34.683","2026-07-30 19:11:51.648",NULL,0,0,0,0,0,0,0,0,0,0,0,31,1
3557,20,NYK,Johnie,Hoffmann,F,"Point Forward",28,28,6,,,,Slovenia,0,79,230,28,29,17,38,30,25,23,30,28,30,31,32,68,B,68,47,27,27,24,0,0,1,0,0,0,0,1,0,0,0,2,0,,,0,0,Average,Average,,,Average,,0,,0,0,,85,PITT,0,0,0,175,VAN,1,0,0,0,0,0,0,0,0,0,0,1,0,0,0,0,0,10,6,5,0,0,3557,"2026-03-11 14:25:39.715","2026-09-12 17:04:48.837",NULL,0,0,0,0,0,0,0,0,0,0,0,31,0
1277,20,"New York Knicks",James,Crespin,F,"Power Forward",24,29,1,Columbia,"Ridge View",SC,USA,2,77,226,22,23,32,8,28,21,28,24,24,22,15,29,72,A-,63,31,1,1,0,0,1,0,0,0,1,0,1,1,0,1,5,0,,,0,0,Average,Average,Average,,Average,Average,0,,0,0,,64,MIZZ,0,2,39,20,"New York Knicks",1,0,0,0,0,0,0,0,0,0,0,0,0,0,0,0,0,10,0,0,0,0,1277,"2026-03-11 14:25:36.540","2026-07-30 19:15:09.409",NULL,0,0,0,0,0,0,0,0,0,0,0,13,0
1542,21,"Oklahoma City Thunder",Pedro,Rodriguez,F,"Power Forward",23,30,2,,,,USA,5,78,223,27,30,17,30,22,25,21,39,29,33,24,34,93,A,76,33,1,1,14,0,0,1,1,0,0,1,0,0,0,1,4,0,,,0,0,Average,"I'm the starter",Average,,Average,Average,0,,0,0,,86,PURD,0,1,8,21,"Oklahoma City Thunder",1,0,0,0,0,0,0,0,0,0,0,0,0,0,0,0,0,20,5,4,0,0,1542,"2026-03-11 14:25:37.165","2026-07-30 19:16:01.812",NULL,0,0,0,0,0,0,0,0,0,0,0,33,0
1314,21,"Oklahoma City Thunder",Christopher,Merlo,F,Two-Way,24,24,2,,,,Turkey,4,80,217,30,28,33,23,38,28,25,32,30,33,30,35,83,A,87,41,1,1,17,0,1,0,1,0,1,0,1,1,0,1,6,0,,,0,0,Average,"Wants extensions",Average,,"Gym Rat",Distracted,0,,0,0,,67,NEB,0,1,11,21,"Oklahoma City Thunder",1,0,0,0,0,0,0,0,0,0,0,0,0,0,0,0,0,20,6,5,0,0,1314,"2026-03-11 14:25:36.540","2026-07-30 19:15:16.792",NULL,0,0,0,0,0,0,0,0,0,0,0,27,0
2347,21,OKC,Joseph,Conrad,C,All-Around,26,27,3,Raleigh,Enloe,NC,USA,3,83,248,28,37,16,24,23,24,20,46,25,38,34,31,93,C+,50,36,42,37,20,1,1,0,1,1,1,1,0,0,1,0,7,0,,,0,0,Average,"Highest bidder","Prefers to play for a team where he can start immediately",,Average,Average,0,,0,0,,197,SJU,0,0,0,0,,1,1,0,0,0,0,0,0,0,0,0,1,0,0,0,0,0,31,7,6,0,0,2347,"2026-03-11 14:25:39.098","2026-07-30 19:18:41.455",NULL,0,0,0,0,0,0,0,0,0,0,0,28,1
2360,21,OKC,Arturo,Vazquez,F,Two-Way,26,25,3,,,,Uruguay,3,77,210,31,30,26,11,31,23,27,40,35,41,38,42,94,A-,67,40,58,68,24,0,0,0,0,1,1,1,0,0,1,1,5,0,,,0,0,Average,Average,Fanboy,,Average,"Naturally book smart",0,,0,0,,198,VILL,45,2,45,7,"Dallas Mavericks",1,1,0,0,0,0,0,0,0,0,0,1,0,0,0,0,0,31,5,4,0,0,2360,"2026-03-11 14:25:39.098","2026-07-30 19:18:43.854",NULL,0,0,0,0,0,0,0,0,0,0,0,34,0
9272,21,"Oklahoma City Thunder",Rolf,Nguyen,F,"Power Forward",24,34,2,,,,Denmark,4,77,227,29,37,40,18,20,26,20,28,27,32,36,32,95,A+,47,46,63,58,6,1,1,0,0,0,0,1,0,0,1,1,5,0,,,0,0,Average,Average,"Prefers to play for a team where he can start immediately",,Average,"Takes AP classes",0,,0,0,,21,"Oklahoma City Thunder",104,1,7,21,"Oklahoma City Thunder",1,1,0,0,0,0,0,0,0,0,0,0,0,0,0,0,0,31,5,4,0,0,9272,"2026-03-11 14:25:46.442","2026-07-30 19:31:33.043",NULL,0,0,0,0,0,0,0,0,0,0,0,26,0
2368,21,"Oklahoma City Thunder",Michael,Deluise,C,"Rim Protector",24,26,1,Lakeland,"Lakeland Christian",FL,USA,4,81,233,27,29,31,12,25,19,19,32,28,33,38,31,82,F,18,33,1,1,0,0,1,0,0,1,0,1,1,0,1,0,5,0,,,0,0,Average,Market-driven,Average,,"Working-Class mentality",Average,0,,0,0,,198,VILL,0,1,13,21,"Oklahoma City Thunder",1,0,0,0,0,0,0,0,0,0,0,0,0,0,0,0,0,20,0,0,0,0,2368,"2026-03-11 14:25:39.098","2026-07-30 19:18:46.180",NULL,0,0,0,0,0,0,0,0,0,0,0,26,0
2127,21,"Oklahoma City Thunder",Patrick,Xie,G,"Combo Guard",26,28,3,Tualatin,Tualatin,OR,USA,2,76,193,26,16,23,39,21,25,32,14,31,27,27,37,90,A-,73,39,21,63,17,0,0,1,0,0,0,0,0,0,0,1,2,0,,,0,0,Average,Average,Average,,Average,Average,16,MIA,0,0,,180,JMU,0,0,0,0,,1,0,0,0,0,0,0,0,0,0,0,1,0,0,0,0,0,10,7,6,0,0,2127,"2026-03-11 14:25:38.274","2026-07-30 19:17:56.666",NULL,0,0,0,0,0,0,0,0,0,0,0,18,0
850,21,"Oklahoma City Thunder",Joshua,Marsh,G,"Combo Guard",26,28,3,,,,USA,3,71,190,32,31,43,47,35,36,25,18,28,24,33,27,97,A+,92,41,32,37,17,1,1,1,0,0,0,0,1,0,1,0,5,0,,,0,0,Average,"Hometown hero",Average,,Average,Average,0,,0,0,,29,FIU,23,1,23,21,"Oklahoma City Thunder",1,0,0,0,0,0,0,0,0,0,0,0,0,0,0,0,0,20,6,5,0,0,850,"2026-03-11 14:25:35.918","2026-07-30 19:13:42.067",NULL,0,0,0,0,0,0,0,0,0,0,0,29,1
1136,21,"Oklahoma City Thunder",William,Woodard,G,Slasher,26,25,3,,,,Senegal,5,71,213,32,29,30,47,34,33,36,23,33,31,35,30,69,B-,53,38,73,42,14,0,0,1,0,0,0,0,0,1,1,0,3,0,,,0,0,Average,Average,Average,,Average,Average,0,,0,0,,53,LSU,16,1,16,21,"Oklahoma City Thunder",1,0,0,0,0,0,0,0,0,0,0,0,0,0,0,0,0,20,4,3,0,0,1136,"2026-03-11 14:25:35.918","2026-07-30 19:14:39.757",NULL,0,0,0,0,0,0,0,0,0,0,0,33,0
1154,21,OKC,Doan,Lam,G,"Combo Guard",24,29,1,"Lake Oswego","Lake Oswego",OR,USA,4,71,212,25,9,36,26,27,25,32,15,28,22,25,26,33,C+,49,42,1,1,0,0,1,0,0,0,1,0,0,0,1,1,4,0,,,0,0,Relaxed,Market-driven,Average,,Average,Average,19,"New Orleans Pelicans",0,0,,54,MRSH,0,1,7,19,"New Orleans Pelicans",1,0,0,0,0,0,0,0,0,0,0,0,0,0,0,0,0,1.5,0,0,0,0,1154,"2026-03-11 14:25:35.918","2026-07-30 19:14:43.933",NULL,0,0,0,0,0,0,0,0,0,0,0,14,0
1416,21,OKC,Philip,Layman,C,"Post Scorer",26,27,3,Bridgeville,Woodbridge,DE,USA,1,85,258,23,27,20,9,17,16,9,30,26,35,28,44,86,A,69,39,63,53,23,0,0,0,0,0,0,0,0,1,0,1,2,0,,,0,0,Stoic,Average,Average,,Average,Average,0,,0,0,,76,OHIO,0,0,0,0,,1,0,0,0,0,0,0,0,0,0,0,1,0,0,0,0,0,10,6,5,0,0,1416,"2026-03-11 14:25:36.540","2026-07-30 19:15:37.033",NULL,0,0,0,0,0,0,0,0,0,0,0,25,0
1963,21,"Oklahoma City Thunder",Nelson,Arias,F,"Small Forward",26,27,3,Loranger,Loranger,LA,USA,4,79,219,27,30,31,23,35,23,17,33,23,30,32,28,52,D-,16,37,42,42,17,0,1,0,1,0,0,1,0,0,0,0,3,0,,,0,0,Flamboyant,"Hometown hero",Average,,Average,Average,0,,0,0,,121,UVA,0,0,0,0,,1,0,0,0,0,0,0,0,0,0,0,0,0,0,0,0,0,20,4,3,0,0,1963,"2026-03-11 14:25:38.274","2026-07-30 19:17:27.330",NULL,0,0,0,0,0,0,0,0,0,0,0,28,0
1201,21,"Oklahoma City Thunder",Gonzalo,Bonilla,F,Swingman,23,0,0,,,,Panama,3,78,252,21,25,29,10,21,27,41,24,19,14,7,17,94,A+,96,42,1,1,0,1,0,0,0,1,1,1,0,0,0,1,5,0,,,0,0,Dramatic,Average,Average,,Average,Average,0,,0,0,,58,MIAO,240,1,31,21,"Oklahoma City Thunder",1,0,0,0,0,0,0,0,0,0,0,0,0,0,0,0,0,0,0,0,0,0,1201,"2026-09-01 19:38:29.597","2026-09-01 19:38:29.597",NULL,0,0,0,0,0,0,0,0,0,0,0,28,0
993,21,OKC,Jian,Lin,G,Slasher,26,25,3,"Lake Mills","Lakeside Lutheran",WI,USA,3,76,202,24,20,25,33,29,28,34,27,25,20,14,21,96,C+,43,42,21,11,14,0,0,0,0,0,0,0,1,1,0,0,2,0,,,0,0,Average,Average,Average,,Loud,"Loves Learning",0,,0,0,,40,ILLI,0,0,0,0,,1,0,0,0,0,0,0,0,0,0,0,1,0,0,0,0,0,10,6,5,0,0,993,"2026-03-11 14:25:35.918","2026-09-15 16:00:23.441",NULL,0,0,0,0,0,0,0,0,0,0,0,26,0
233,21,"Oklahoma City Thunder",Henry,Gonzales,C,"Post Scorer",25,25,2,Bremen,Bremen,IN,USA,4,81,268,26,25,16,26,20,21,13,37,27,37,34,35,78,A+,86,46,1,1,19,0,0,0,0,0,1,0,1,0,0,0,2,0,,,0,0,Average,"Drafted team discount",Average,,Hard-working,Average,21,"Oklahoma City Thunder",0,0,,138,UCI,0,2,39,21,"Oklahoma City Thunder",1,0,0,0,0,0,0,0,0,0,0,0,0,0,0,1,0,10,6,5,0,0,233,"2026-03-11 14:25:34.683","2026-07-30 19:11:54.615",NULL,0,0,0,0,0,0,0,0,0,0,0,28,0
1535,21,"Oklahoma City Thunder",Brock,Burks,C,All-Around,24,29,2,Washington,Ballou,DC,USA,5,83,231,27,43,18,25,26,25,20,24,29,30,35,27,61,C,47,47,1,1,20,1,0,1,1,1,1,1,0,0,1,0,7,0,,,0,0,Average,Average,Average,,Average,Average,0,,0,0,,85,PITT,0,1,5,21,"Oklahoma City Thunder",1,0,0,0,0,0,0,0,0,0,0,0,0,0,0,0,0,20,7,6,0,0,1535,"2026-03-11 14:25:37.165","2026-07-30 19:16:01.520",NULL,0,0,0,0,0,0,0,0,0,0,0,29,1
257,22,"Orlando Magic",Elton,Peak,F,Swingman,25,27,2,Addison,"Trinity Christian",TX,USA,4,79,209,26,17,27,41,22,26,28,28,25,26,20,30,74,D-,6,42,1,1,20,0,0,1,0,0,1,1,0,0,0,0,3,0,,,0,0,Average,"Money motivated",Legacy,,"Focuses on Max Reps",Average,0,,0,0,,91,SMU,0,2,56,22,"Orlando Magic",1,0,0,0,0,0,0,0,0,0,0,0,0,0,0,1,0,10,5,4,0,0,257,"2026-03-11 14:25:34.683","2026-07-30 19:11:59.150",NULL,0,0,0,0,0,0,0,0,0,0,0,28,1
2074,22,"Orlando Magic",George,Felkins,C,"Post Scorer",26,27,3,Liberty,Liberty,PA,USA,4,84,234,23,31,18,17,18,22,18,34,21,24,23,24,32,B,67,40,32,47,16,0,0,0,0,1,0,0,0,0,0,0,1,0,,,0,0,Uncooperative,Average,Average,,Persistant,Average,0,,0,0,,135,VCU,0,0,0,0,,1,0,0,0,0,0,0,0,0,0,0,0,0,0,0,0,0,10,5,4,0,0,2074,"2026-03-11 14:25:38.274","2026-07-30 19:17:48.384",NULL,0,0,0,0,0,0,0,0,0,0,0,25,0
3355,22,ORL,Aubrey,Porter,F,Swingman,34,30,12,,,,Israel,0,79,229,31,31,26,35,31,31,32,29,33,28,28,39,60,B-,60,36,42,58,9,0,0,0,0,1,0,0,0,0,0,0,1,0,,,0,0,Average,Average,,,"Focuses on Max Weight",,0,,0,0,,79,OKST,0,0,0,41,IND,1,0,0,0,0,0,0,0,0,0,0,1,0,0,0,0,0,2.5,6,5,0,0,3355,"2026-03-11 14:25:39.715","2026-09-18 16:00:15.924",NULL,0,0,0,0,0,0,0,0,0,0,0,32,0
2351,22,"Orlando Magic",Michael,Kopke,G,Slasher,25,27,2,Woodstock,Woodstock,VT,USA,2,77,202,26,15,40,36,31,31,35,6,28,20,29,25,86,B+,65,40,1,1,12,0,1,1,0,0,1,0,1,1,1,0,6,0,,,0,0,Average,"Wants extensions",Legacy,,Average,Average,0,,0,0,,197,SJU,0,1,24,22,"Orlando Magic",1,0,0,0,0,0,0,0,0,0,0,0,0,0,0,0,0,10,5,4,0,0,2351,"2026-03-11 14:25:39.098","2026-07-30 19:18:42.691",NULL,0,0,0,0,0,0,0,0,0,0,0,21,0
3123,22,"Orlando Magic",Francis,Colon,F,Two-Way,32,27,10,,,,Lebanon,0,80,217,38,42,42,41,44,41,35,32,36,34,49,29,97,A+,97,42,53,58,13,1,0,1,0,0,0,0,1,0,1,0,4,0,,,0,0,Uncooperative,Average,,,Average,,0,,0,0,,123,WAKE,0,0,0,165,ORL,1,1,0,0,0,0,0,0,0,0,0,0,0,0,0,0,0,46.5,5,4,0,0,3123,"2026-03-11 14:25:39.098","2026-07-30 19:19:10.715",NULL,0,0,0,0,0,0,0,0,0,0,0,39,0
66,22,"Orlando Magic",Max,Garner,F,All-Around,24,0,0,"Las Vegas","Desert Oasis",NV,USA,4,79,239,26,32,23,31,36,27,30,15,23,20,24,25,76,B-,54,36,1,1,0,1,0,1,1,0,1,1,1,0,1,0,7,0,,,0,0,Average,"Drafted team discount",Average,,Average,"Values academics",0,,0,0,,25,CSU,238,1,13,22,"Orlando Magic",1,0,0,0,0,0,0,0,0,0,0,0,0,0,0,0,0,0,0,0,0,0,66,"2026-09-01 19:38:14.090","2026-09-01 19:38:14.090",NULL,0,0,0,0,0,0,0,0,0,0,0,23,0
2376,22,"Orlando Magic",Deric,Sears,C,All-Around,25,28,3,Ashland,"Ashland Blazer",KY,USA,4,84,267,27,32,24,22,18,26,22,35,28,30,29,33,47,A,78,45,73,47,2,1,1,1,0,0,1,1,1,0,1,1,8,0,,,0,0,Average,Average,Average,,Average,Average,0,,0,0,,199,XAV,0,0,0,0,,1,0,0,0,0,0,0,0,0,0,0,0,0,0,0,0,0,20,5,4,0,0,2376,"2026-03-11 14:25:39.098","2026-07-30 19:18:47.347",NULL,0,0,0,0,0,0,0,0,0,0,0,25,0
88,22,"Orlando Magic",Fred,Andrews,C,"Stretch Center",25,26,5,,,,Spain,0,81,232,32,33,31,24,30,26,30,33,36,35,33,48,61,B-,61,48,42,58,7,1,0,1,0,1,0,0,0,0,0,1,4,0,,,0,0,Average,Average,,,Average,,0,,0,0,,134,SMC,0,0,0,165,ORL,1,0,0,0,0,0,0,0,0,0,0,0,0,0,0,0,0,20,4,3,0,0,88,"2026-03-11 14:25:34.683","2026-07-30 19:11:20.623",NULL,0,0,0,0,0,0,0,0,0,0,0,33,0
3170,22,ORL,Charles,Bailey,G,3-and-D,31,28,9,,,,Australia,0,74,191,39,41,40,34,48,36,36,37,39,39,46,39,75,A-,75,41,53,42,28,1,0,0,0,0,0,1,0,0,1,1,4,0,,,0,0,Uncooperative,Average,,,"Film Room Genius",,0,,0,0,,136,GEOT,0,0,0,153,GSW,1,1,0,0,0,0,0,0,0,0,0,1,0,0,0,0,0,38.75,5,4,0,0,3170,"2026-03-11 14:25:39.098","2026-09-16 16:00:12.297",NULL,0,0,0,0,0,0,0,0,0,0,0,35,0
2154,22,"Orlando Magic",Brandon,Proudfit,C,"Stretch Center",26,30,3,Avondale,"La Joya Community",AZ,USA,3,85,266,27,32,22,25,17,24,9,50,26,40,28,37,82,D+,31,42,58,53,25,0,0,1,0,1,0,1,0,1,0,0,4,0,,,0,0,Average,"Hates Cleveland","Prefers to play for a team with a rich history",,Average,Average,0,,0,0,,182,DAY,28,1,28,22,"Orlando Magic",1,1,0,0,0,0,0,0,0,0,0,0,0,0,0,0,0,31,7,6,0,0,2154,"2026-03-11 14:25:38.274","2026-07-30 19:18:02.269",NULL,0,0,0,0,0,0,0,0,0,0,0,41,0
1902,22,"Orlando Magic",Harvey,Brown,G,All-Around,24,24,1,Searcy,Searcy,AR,USA,3,71,193,23,18,27,32,28,28,40,12,25,15,17,15,85,D,22,48,1,1,0,0,1,0,1,0,1,1,0,1,1,1,7,0,,,0,0,Average,Average,Average,,Average,Average,0,,0,0,,116,UTEP,0,2,50,22,"Orlando Magic",1,0,0,0,0,1,0,0,0,0,0,0,0,0,0,0,0,10,0,0,0,0,1902,"2026-03-11 14:25:38.274","2026-09-23 14:33:01.041",NULL,0,0,0,0,0,0,0,0,0,0,0,28,0
8594,22,"Orlando Magic",Seyithan,Dumanli,F,"Small Forward",22,29,2,,,,Cyprus,3,78,220,21,30,31,27,20,23,6,31,12,21,21,14,83,A+,45,44,53,94,4,1,1,1,0,1,0,1,1,0,1,0,7,0,,,0,0,Average,Average,Open-Minded,,Average,Average,0,,0,0,,57,"Guangzhou Loong Lions",174,1,18,22,"Orlando Magic",1,0,0,0,1,0,0,0,0,0,0,1,1,1,0,0,0,10,7,2,0,0,8594,"2026-03-11 14:25:43.434","2026-09-23 14:31:41.095",NULL,0,0,0,0,0,0,0,0,0,0,0,28,0
2475,22,"Orlando Magic",Christopher,Bynum,G,"Combo Guard",23,0,0,"Sioux Falls",O'Gorman,SD,USA,3,70,193,23,23,23,15,15,25,30,19,30,26,32,21,80,B,67,39,1,1,0,1,0,0,0,0,0,1,0,0,1,0,3,0,,,0,0,Average,Average,Average,,Average,Average,0,,0,0,,206,HALL,269,2,14,22,"Orlando Magic",1,0,0,0,0,0,0,0,0,0,0,0,0,0,0,0,0,0,0,0,0,0,2475,"2026-09-01 19:38:42.991","2026-09-01 19:38:42.991",NULL,0,0,0,0,0,0,0,0,0,0,0,23,0
3245,22,"Orlando Magic",Zachary,Houston,G,Slasher,30,26,8,,,,China,0,75,213,33,26,39,33,35,34,30,37,33,35,29,37,47,C,47,43,27,47,21,0,0,0,0,1,0,0,0,1,0,0,2,0,,,0,0,Dramatic,Average,,,"Skips Leg Day",,22,ORL,0,0,,40,ILLI,0,0,0,165,ORL,1,0,0,0,0,0,0,0,0,0,0,0,0,0,0,0,0,10,5,4,0,0,3245,"2026-03-11 14:25:39.098","2026-07-30 19:19:36.272",NULL,0,0,0,0,0,0,0,0,0,0,0,30,0
3514,22,"Orlando Magic",Steve,Ramirez,F,"Small Forward",28,27,6,,,,Mexico,0,78,215,26,26,26,22,22,26,27,23,32,26,32,27,73,B+,73,45,42,32,23,0,0,0,0,0,0,0,0,0,0,0,0,0,,,0,0,Paranoid,Average,,,Loud,,21,OKC,0,0,,145,SEAU,0,0,0,153,GSW,1,0,0,0,0,0,0,0,0,0,0,0,0,0,0,0,0,2,5,4,0,0,3514,"2026-03-11 14:25:39.715","2026-07-30 19:20:17.418",NULL,0,0,0,0,0,0,0,0,0,0,0,28,0
207,22,"Orlando Magic",Devin,Houston,G,"Combo Guard",25,30,5,,,,Ukraine,0,76,214,26,30,23,31,30,27,39,30,24,21,18,19,63,B,63,45,68,47,11,1,0,0,0,0,0,1,0,0,0,0,2,0,,,0,0,Average,Average,,,"Focuses on Max Reps",,0,,0,0,,137,SBON,0,0,0,165,ORL,1,0,0,0,0,0,0,0,0,0,0,0,0,0,0,0,0,20,4,3,0,0,207,"2026-03-11 14:25:34.683","2026-07-30 19:11:48.460",NULL,0,0,0,0,0,0,0,0,0,0,0,28,0
2296,22,"Orlando Magic",William,Raval,F,"Point Forward",26,26,3,Inman,Chapman,SC,USA,2,80,231,26,27,31,15,33,20,15,31,27,31,30,35,88,A+,81,44,53,53,21,0,0,0,0,0,0,0,1,1,0,0,2,0,,,0,0,Eccentric,Average,Average,,Average,Average,0,,0,0,,193,BUT,59,2,59,22,"Orlando Magic",1,0,0,0,0,0,0,0,0,0,0,0,0,0,0,1,0,20,5,4,0,0,2296,"2026-03-11 14:25:39.098","2026-07-30 19:18:31.104",NULL,0,0,0,0,0,0,0,0,0,0,0,21,0
8476,23,PHI,Santiago,"De La Fuente",G,"Combo Guard",23,32,2,,,,"Dominican Republic",3,77,190,22,26,19,25,28,23,22,17,21,23,20,24,59,B+,28,48,58,68,10,1,0,0,1,0,0,0,0,0,1,1,4,0,,,0,0,Average,Average,"Prefers to play for a national championship contender",,Average,Average,23,PHI,0,0,,192,"Shabab Al Ahli BC",0,0,0,0,,1,0,0,0,0,0,0,0,0,0,0,1,1,1,0,0,0,10,7,2,0,0,8476,"2026-03-11 14:25:43.434","2026-07-30 19:27:37.837",NULL,0,0,0,0,0,0,0,0,0,0,0,21,0
567,23,PHI,John,Chambers,F,"Point Forward",26,28,3,Washington,"St. John's",DC,USA,2,79,242,23,32,26,16,32,23,20,27,21,21,21,20,90,A+,91,37,47,63,11,0,0,0,0,0,0,0,1,0,0,0,1,0,,,0,0,Popular,Average,Multi-Sport,,Average,Average,0,,0,0,,6,AZST,0,0,0,0,,1,0,0,0,0,0,0,0,0,0,0,1,0,0,0,0,0,10,4,3,0,0,567,"2026-03-11 14:25:35.298","2026-09-12 17:05:33.352",NULL,0,0,0,0,0,0,0,0,0,0,0,25,0
1079,23,PHI,Milan,Raskin,G,All-Around,25,29,2,"West Orange","Seton Hall Prep",NJ,USA,3,74,201,24,16,36,36,36,27,28,25,21,18,12,15,76,A+,100,44,1,1,13,1,1,1,1,0,0,1,0,0,0,1,6,0,,,0,0,Selfish,Average,Average,,Average,"Sits at the front of the class",18,MIN,0,0,,48,LU,0,1,21,19,"New Orleans Pelicans",1,0,0,0,0,0,0,0,0,0,0,0,0,0,0,0,0,10,4,3,0,0,1079,"2026-03-11 14:25:35.918","2026-07-30 19:14:28.237",NULL,0,0,0,0,0,0,0,0,0,0,0,23,0
2366,23,PHI,Vaughn,Way,F,"Point Forward",24,26,3,"Coeur d'Alene","Coeur d'Alene",ID,USA,3,79,250,26,30,26,21,23,26,27,17,28,27,21,43,100,A+,91,45,73,73,4,0,0,0,1,1,1,0,0,0,0,1,4,0,,,0,0,Extroverted,Average,Average,,Persistant,"Less likely to get academic probation",1,"Atlanta Hawks",0,0,,198,VILL,0,0,0,0,,1,0,0,0,0,0,0,0,0,0,0,0,0,0,0,0,0,20,5,4,0,0,2366,"2026-03-11 14:25:39.098","2026-07-30 19:18:45.598",NULL,0,0,0,0,0,0,0,0,0,0,0,22,0
8270,23,"Philadelphia 76ers",Rafael,Costilla,G,"Combo Guard",20,0,0,Wilsonville,Wilsonville,OR,USA,5,75,210,25,22,28,32,27,27,29,23,25,22,19,24,36,A+,98,31,1,1,0,0,1,1,1,0,1,0,0,0,0,1,5,0,,,0,0,Average,"Drafted team discount",Average,,Average,"Teacher's Pet",0,,0,0,,32,FSU,213,1,7,23,"Philadelphia 76ers",1,0,0,0,0,0,0,0,0,0,0,0,0,0,0,0,0,0,0,0,0,0,8270,"2026-09-01 19:38:08.880","2026-09-01 19:38:08.880",NULL,0,0,0,0,0,0,0,0,0,0,0,28,0
7255,23,"Philadelphia 76ers",Richard,Michelsen,F,"Power Forward",20,0,0,,,,Ireland,5,77,234,23,34,28,18,22,25,22,19,22,22,17,24,51,C,41,39,1,1,0,1,1,0,0,0,1,0,0,1,1,1,6,0,,,0,0,Average,Average,Average,,"Gym Rat",Average,0,,0,0,,131,UMBC,266,2,3,23,"Philadelphia 76ers",1,0,0,0,0,0,0,0,0,0,0,0,0,0,0,0,0,0,0,0,0,0,7255,"2026-09-01 19:38:33.123","2026-09-01 19:38:33.123",NULL,0,0,0,0,0,0,0,0,0,0,0,25,0
3424,23,"Philadelphia 76ers",Britt,Leal,F,Two-Way,29,30,7,,,,Germany,0,78,229,36,34,44,33,30,41,50,37,37,32,32,33,80,A-,80,48,42,32,27,0,0,0,0,0,1,0,0,0,0,0,1,0,,,0,0,Average,Average,,,Average,,23,PHI,0,0,,100,TENN,0,0,0,177,BOS,1,1,0,0,0,0,0,0,0,0,0,0,0,0,0,0,0,38.75,4,3,0,0,3424,"2026-03-11 14:25:39.715","2026-07-30 19:20:04.326",NULL,0,0,0,0,0,0,0,0,0,0,0,38,0
100,23,PHI,Santos,Bass,F,Swingman,26,26,3,,,,Sweden,2,78,201,25,42,38,15,36,24,16,21,20,22,17,31,100,B-,45,35,73,42,13,1,1,0,1,0,0,0,0,0,0,1,4,0,,,0,0,Average,Average,Average,,Persistant,"Less likely to get academic probation",0,,0,0,,107,TLNE,0,0,0,0,,1,0,0,0,0,0,0,0,0,0,0,1,0,0,0,0,0,10,6,5,0,0,100,"2026-03-11 14:25:34.683","2026-07-30 19:11:23.250",NULL,0,0,0,0,0,0,0,0,0,0,0,31,0
1896,23,PHI,Reginald,Speese,G,"Point Guard",26,26,3,Morgantown,Morgantown,WV,USA,2,70,192,29,22,31,41,48,30,37,18,25,21,15,24,92,C,32,37,37,27,24,0,0,1,1,0,0,0,0,0,0,1,3,0,,,0,0,Cooperative,Average,Average,,Average,Average,0,,0,0,,116,UTEP,0,0,0,0,,1,0,0,0,0,0,0,0,0,0,0,1,0,0,0,0,0,20,5,4,0,0,1896,"2026-03-11 14:25:38.274","2026-07-30 19:17:13.835",NULL,0,0,0,0,0,0,0,0,0,0,0,27,0
406,23,"Philadelphia 76ers",Frances,Daly,C,"Stretch Center",24,0,0,Dublin,Dublin,GA,USA,2,85,260,19,22,7,2,6,12,13,34,28,35,39,25,65,B,54,47,1,1,0,0,0,0,0,0,1,1,1,0,1,0,4,0,,,0,0,Average,Average,"Prefers to play for a team where he can start immediately",,Average,"Didn't come here to play school",0,,0,0,,141,FGCU,250,2,19,23,"Philadelphia 76ers",1,0,0,0,0,0,0,0,0,0,0,0,0,0,0,0,0,0,0,0,0,0,406,"2026-09-01 19:38:47.617","2026-09-01 19:38:47.617",NULL,0,0,0,0,0,0,0,0,0,0,0,17,0
920,23,PHI,Don,Zimmerman,C,"Stretch Center",24,27,1,"Mt. Angel",Kennedy,OR,USA,4,82,259,23,24,18,24,8,21,20,36,25,34,21,36,75,C,35,41,1,1,0,0,1,0,0,0,0,1,1,0,0,1,4,0,,,0,0,Average,Average,Average,,Average,Average,0,,0,0,,34,UGA,0,0,0,0,,1,0,0,0,0,0,0,0,0,0,0,1,0,0,0,0,0,10,7,5,0,0,920,"2026-03-11 14:25:35.918","2026-07-30 19:13:56.843",NULL,0,0,0,0,0,0,0,0,0,0,0,29,0
2722,23,"Philadelphia 76ers",Daniel,Paszko,G,"Combo Guard",22,0,0,"North Richland Hills","Fort Worth Christian",TX,USA,4,70,186,22,37,26,26,32,28,22,12,16,14,17,11,64,B+,62,44,1,1,0,1,0,0,1,0,0,0,0,1,0,0,3,0,,,0,0,Average,Average,"Prefers to play for an up-and-coming team",,Average,Average,0,,0,0,,12,BAYL,246,2,5,23,"Philadelphia 76ers",1,0,0,0,0,0,0,0,0,0,0,0,0,0,0,0,0,0,0,0,0,0,2722,"2026-09-01 19:38:34.984","2026-09-01 19:38:34.984",NULL,0,0,0,0,0,0,0,0,0,0,0,30,0
171,23,PHI,Harold,Brady,G,"Shooting Guard",25,28,3,Turlock,Pitman,CA,USA,5,76,196,29,21,38,47,31,33,29,30,22,25,22,19,80,C,46,37,47,53,10,0,1,1,0,1,1,1,0,0,1,0,6,0,,,0,0,Average,Average,"Prefers to play for a team with a rich history",,Average,Average,0,,0,0,,136,GEOT,0,0,0,0,,1,0,0,0,0,0,0,0,0,0,0,1,0,0,0,0,0,10,7,6,0,0,171,"2026-03-11 14:25:34.683","2026-07-30 19:11:40.217",NULL,0,0,0,0,0,0,0,0,0,0,0,37,0
8641,23,PHI,"Anthony Gabriel",Camargo,F,"Point Forward",21,25,2,,,,Brazil,4,79,227,22,37,18,20,20,27,31,24,20,18,15,13,59,C+,92,37,63,63,9,1,1,0,1,0,1,1,0,0,0,1,6,0,,,0,0,Average,Average,Open-Minded,,Loud,Average,0,,0,0,,118,"Franca Basquetebol Clube",0,0,0,0,,1,0,0,0,0,0,0,0,0,0,0,1,1,1,0,0,0,10,7,3,0,0,8641,"2026-03-11 14:25:44.066","2026-07-30 19:28:26.591",NULL,0,0,0,0,0,0,0,0,0,0,0,19,0
195,23,"Philadelphia 76ers",Louis,Carter,F,Two-Way,24,24,1,Hammonton,Hammonton,NJ,USA,4,79,243,25,25,38,26,27,30,35,32,22,22,17,15,87,A,84,39,1,1,0,1,1,1,0,0,1,1,0,0,0,0,5,0,,,0,0,Average,Average,Average,,Average,"Frequent visits to the principal",0,,0,0,,44,KANS,0,1,10,23,"Philadelphia 76ers",1,0,0,0,0,0,0,0,0,0,0,0,0,0,0,0,0,20,0,0,0,0,195,"2026-03-11 14:25:34.683","2026-07-30 19:11:46.071",NULL,0,0,0,0,0,0,0,0,0,0,0,24,0
9163,23,"Philadelphia 76ers",Adi,Tabacu,G,"Combo Guard",23,23,2,,,,Serbia,3,70,204,22,42,17,11,48,21,14,22,16,19,16,19,96,A+,29,45,89,47,8,1,0,0,1,1,0,1,0,0,0,0,4,0,,,0,0,Average,Average,Average,,"Skips Leg Day","Sits at the back of the class",0,,0,0,,130,"Cangrejeros de Santurce",182,2,42,23,"Philadelphia 76ers",1,0,0,0,0,0,0,0,0,0,0,1,1,1,0,0,0,10,7,5,0,0,9163,"2026-03-11 14:25:46.442","2026-07-30 19:31:00.844",NULL,0,0,0,0,0,0,0,0,0,0,0,23,0
750,23,"Philadelphia 76ers",Richard,White,C,"Post Scorer",26,25,3,Seattle,Garfield,WA,USA,3,82,263,33,33,39,31,30,31,22,33,33,36,38,40,100,B+,59,33,42,53,20,0,1,1,0,0,0,0,1,0,1,1,5,0,,,0,0,Average,Average,Average,,Complacent,"More likely to get academic probation",0,,0,0,,20,CHAR,3,1,3,23,"Philadelphia 76ers",1,1,0,0,0,0,0,0,0,0,0,0,0,0,0,0,0,31,6,5,0,0,750,"2026-03-11 14:25:35.298","2026-07-30 19:13:21.984",NULL,0,0,0,0,0,0,0,0,0,0,0,32,0
10244,24,PHX,Olumida,Nwangwu,F,Two-Way,20,0,0,Maize,Maize,KS,USA,4,81,216,21,30,19,22,10,24,22,29,19,23,20,17,41,B-,48,36,1,1,0,1,0,1,0,0,1,1,0,0,1,0,5,0,,,0,0,Average,Average,Average,,Average,Average,0,,0,0,,125,WAST,0,0,0,0,,1,0,0,0,1,0,0,0,0,0,0,1,0,0,0,0,0,0.7,7,4,0,0,10244,"2026-09-01 19:48:06.564","2026-09-20 22:56:06.855",NULL,0,0,0,0,0,0,0,0,0,0,0,23,0
2066,24,PHX,John,Hagerty,C,"Post Scorer",24,27,1,,,,Croatia,3,85,249,22,21,11,16,10,22,32,19,31,26,35,30,64,A+,99,32,1,1,0,0,0,0,1,1,1,0,0,0,1,0,4,0,,,0,0,Average,Average,Average,,Average,Average,0,,0,0,,133,USD,0,0,0,0,,1,0,0,0,1,0,0,0,0,0,0,1,0,0,0,0,0,10,7,3,0,0,2066,"2026-03-11 14:25:38.274","2026-09-20 00:57:59.078",NULL,0,0,0,0,0,0,0,0,0,0,0,28,1
1556,24,"Phoenix Suns",Marion,Brown,C,"Rim Protector",26,25,3,Ooltewah,Ooltewah,TN,USA,3,85,265,29,36,20,20,28,22,20,35,31,36,33,38,76,C,41,35,47,89,25,1,1,0,1,1,0,1,0,0,0,1,6,0,,,0,0,Average,"Wants extensions",Average,,"Center of Attention",Average,0,,0,0,,0,RUGT,34,2,34,24,"Phoenix Suns",1,1,0,0,0,0,0,0,0,0,0,0,0,0,0,1,0,31,5,4,0,0,1556,"2026-03-11 14:25:37.165","2026-07-30 19:16:04.768",NULL,0,0,0,0,0,0,0,0,0,0,0,24,0
541,24,PHX,Randall,Howard,C,"Stretch Center",26,30,3,Charleroi,Charleroi,PA,USA,3,84,226,25,26,20,18,26,20,24,35,24,31,28,27,76,A+,93,39,79,27,17,0,0,0,0,0,0,1,1,0,0,0,2,0,,,0,0,Extroverted,Average,Average,,Average,Average,0,,0,0,,4,APST,43,2,43,6,"Cleveland Cavaliers",1,0,0,0,0,0,0,0,0,0,0,1,0,0,0,0,0,20,4,3,0,0,541,"2026-03-11 14:25:35.298","2026-07-30 19:12:39.116",NULL,0,0,0,0,0,0,0,0,0,0,0,26,0
3370,24,"Phoenix Suns",Earl,Rivera,G,"Point Guard",28,30,6,,,,Argentina,0,74,203,32,37,40,26,37,36,31,28,30,31,28,31,50,C,50,45,47,47,16,0,0,0,0,0,0,0,1,0,0,0,1,0,,,0,0,Average,Average,,,"Footwork king",,24,PHX,0,0,,6,AZST,0,0,0,170,SAS,1,0,0,0,0,0,0,0,0,0,0,0,0,0,0,0,0,20,7,6,0,0,3370,"2026-03-11 14:25:39.715","2026-07-30 19:19:57.560",NULL,0,0,0,0,0,0,0,0,0,0,0,29,0
555,24,PHX,Craig,Clark,F,"Point Forward",26,27,3,Cranston,"Cranston West",RI,USA,4,79,220,31,35,41,21,38,30,29,31,27,30,20,35,74,B,56,37,42,11,20,1,1,1,1,1,0,0,1,0,0,1,7,0,,,0,0,Average,Average,Average,,Average,"Skips classes often",25,"Portland Trailblazers",0,0,,5,ZONA,78,2,78,25,"Portland Trailblazers",1,0,0,0,0,0,0,0,0,0,0,1,0,0,0,0,0,20,6,5,0,0,555,"2026-03-11 14:25:35.298","2026-09-14 16:00:18.145",NULL,0,0,0,0,0,0,0,0,0,0,0,34,0
1835,24,PHX,Cedric,Stamps,G,Slasher,25,27,2,,,,Egypt,2,71,216,23,27,19,32,14,29,33,10,28,19,31,19,75,A,75,37,1,1,13,1,0,1,0,0,0,0,1,0,1,0,4,0,,,0,0,Average,Average,Average,,"Trolls on Discord",Average,0,,0,0,,111,UCLA,0,0,0,0,,1,0,0,0,1,0,0,0,0,0,0,0,0,0,0,0,0,10,5,4,0,0,1835,"2026-03-11 14:25:37.165","2026-09-20 01:00:15.170",NULL,0,0,0,0,0,0,0,0,0,0,0,19,0
6957,24,PHX,Roy,Kent,F,Two-Way,21,0,0,Weirton,Weir,WV,USA,4,79,240,22,16,15,26,25,17,24,20,26,22,26,31,68,A-,68,36,1,1,0,0,0,0,1,0,1,1,1,0,1,1,6,0,,,0,0,Reserved,"Hometown hero","Prefers to play for a specific coach",,"Track Athlete","Has other priorities",0,,0,0,,126,WVU,0,0,0,0,,1,0,0,0,1,0,0,0,0,0,0,1,0,0,0,0,0,0.7,7,3,0,0,6957,"2026-09-01 19:47:22.291","2026-09-20 00:59:48.909",NULL,0,0,0,0,0,0,0,0,0,0,0,23,0
6962,24,PHX,Baby,"Yoda II",G,Slasher,21,25,1,Indianapolis,Southport,IN,USA,5,76,205,24,21,19,31,17,26,21,22,28,28,22,34,67,B,67,37,1,1,0,0,1,0,1,0,0,0,1,1,0,1,5,0,,,0,0,Irrational,"Money motivated","Prefers to play for a specific coach",,"Working-Class mentality","Loves Learning",0,,0,0,,86,PURD,0,0,0,0,,1,0,0,0,0,1,0,0,0,0,0,1,0,0,0,0,0,1.5,7,4,0,0,6962,"2026-03-11 14:25:42.819","2026-09-20 01:05:06.817",NULL,0,0,0,0,0,0,0,0,0,0,0,23,1
3382,24,PHX,Victor,Jones,F,"Point Forward",32,29,10,,,,Bahrain,0,78,215,32,35,28,32,35,29,31,32,33,31,39,28,45,C,45,40,68,47,24,0,0,0,0,0,0,0,0,0,0,0,0,0,,,0,0,Average,Average,,,Complacent,,0,,0,0,,55,UMD,0,0,0,152,DET,1,0,0,0,0,0,0,0,0,0,0,1,0,0,0,0,0,10,5,4,0,0,3382,"2026-03-11 14:25:39.715","2026-09-14 16:00:15.707",NULL,0,0,0,0,0,0,0,0,0,0,0,34,0
6967,24,PHX,Watson,Webb,F,"Power Forward",21,30,1,Norfolk,Maury,VA,USA,5,79,227,24,30,30,20,14,26,23,33,19,25,22,20,68,A-,68,37,1,1,0,0,0,1,0,0,0,1,0,1,0,1,4,0,,,0,0,Perfectionist,"Drafted team discount","Prefers to play for a specific coach",,Hard-working,"Naturally book smart",0,,0,0,,121,UVA,0,0,0,0,,1,0,0,0,1,0,0,0,0,0,0,1,0,0,0,0,0,10,7,4,0,0,6967,"2026-03-11 14:25:42.819","2026-09-20 01:04:37.504",NULL,0,0,0,0,0,0,0,0,0,0,0,27,0
1336,24,PHX,Robert,Davis,C,"Stretch Center",23,25,1,Woodville,Woodville,TX,USA,4,85,252,21,22,9,5,24,12,9,40,21,33,31,32,76,A+,92,36,1,1,0,0,0,0,1,0,0,1,0,0,0,0,2,0,,,0,0,Narcissist,Average,Average,,Average,"Seeks out tutoring",0,,0,0,,69,UNM,0,0,0,0,,1,0,0,0,1,0,0,0,0,0,0,1,0,0,0,0,0,1.5,7,3,0,0,1336,"2026-03-11 14:25:36.540","2026-09-20 00:58:05.669",NULL,0,0,0,0,0,0,0,0,0,0,0,22,1
317,24,PHX,Antione,Blythe,C,"Rim Protector",27,25,5,,,,Guatemala,0,82,256,27,35,17,15,19,21,17,27,28,35,43,30,53,C+,53,43,53,47,15,0,0,0,0,1,0,0,0,0,0,0,1,0,,,0,0,Average,Average,,,Average,,0,,0,0,,82,OREG,0,0,0,157,SDC,1,0,0,0,0,0,0,0,0,0,0,1,0,0,0,0,0,1.9,6,5,0,0,317,"2026-03-11 14:25:34.683","2026-09-15 16:00:13.914",NULL,0,0,0,0,0,0,0,0,0,0,0,35,0
2625,24,PHX,Christopher,Blankenship,F,Two-Way,22,0,0,Andale,Andale,KS,USA,4,79,242,21,21,30,5,20,19,28,24,24,20,30,12,94,B,59,47,1,1,0,0,1,0,1,0,1,1,0,0,1,0,5,0,,,0,0,Average,"Highest bidder","Prefers to be close to home",,Average,Average,0,,0,0,,44,KANS,0,0,0,0,,1,0,0,0,1,0,0,0,0,0,0,1,0,0,0,0,0,0.7,7,4,0,0,2625,"2026-09-01 19:43:08.017","2026-09-23 22:27:26.115",NULL,0,0,0,0,0,0,0,0,0,0,0,17,0
1092,24,"Phoenix Suns",Daniel,Capman,G,"Combo Guard",25,26,2,Washington,"Sidwell Friends",DC,USA,2,73,189,26,15,36,47,25,33,26,28,20,22,20,18,95,D,26,35,1,1,9,0,1,1,0,0,0,1,0,0,0,0,3,0,,,0,0,Average,"Hates Cleveland",Legacy,,Average,"Frequent visits to the principal",0,,0,0,,49,ULL,0,1,32,24,"Phoenix Suns",1,0,0,0,0,0,0,0,0,0,0,0,0,0,0,0,0,10,6,5,0,0,1092,"2026-03-11 14:25:35.918","2026-07-30 19:14:31.166",NULL,0,0,0,0,0,0,0,0,0,0,0,38,1
70,24,PHX,Jordan,Bridges,F,Two-Way,27,29,5,,,,France,0,77,243,30,26,37,38,28,30,30,26,30,29,32,30,57,B-,57,45,53,73,16,0,0,0,0,1,0,0,0,1,0,1,3,0,,,0,0,Average,"Wants extensions",,,Average,,3,BOS,0,0,,56,MEMP,0,0,0,177,BOS,1,0,0,0,0,0,0,0,0,0,0,0,0,0,0,0,0,20,5,4,0,0,70,"2026-03-11 14:25:34.683","2026-07-30 19:11:16.486",NULL,0,0,0,0,0,0,0,0,0,0,0,32,0
8780,24,PHX,Zayed,Muhammed,F,Two-Way,19,26,0,,,,Egypt,5,80,236,22,30,25,23,3,22,12,30,17,25,28,17,79,B,52,44,53,53,13,1,1,1,0,0,0,1,0,0,1,1,6,0,,,0,0,Narcissist,Loyal,Average,,Average,"Loves Learning",0,,0,0,,89,"Heroes Den Bosch",0,0,0,0,,1,0,0,0,0,1,0,0,0,0,0,1,1,1,0,0,0,0.7,7,2,0,0,8780,"2026-03-11 14:25:44.066","2026-09-20 01:04:40.019",NULL,0,0,0,0,0,0,0,0,0,0,0,25,0
8300,24,PHX,Savvatii,Zaitsev,F,Two-Way,20,26,2,,,,Russia,3,79,230,19,44,9,15,20,18,17,18,18,17,18,17,74,A,22,38,53,58,8,1,0,0,0,0,0,0,0,1,0,0,2,0,,,0,0,Average,"Hometown hero","Prefers to play for a team with a rich history",,Average,Average,0,,0,0,,146,"Torpan Pojat",0,0,0,0,,1,0,0,0,1,0,0,0,0,0,0,1,1,1,0,0,0,10,7,4,0,0,8300,"2026-03-11 14:25:42.819","2026-09-20 00:59:39.261",NULL,0,0,0,0,0,0,0,0,0,0,0,31,0
1680,24,"Phoenix Suns",Edward,Furr,F,Two-Way,26,30,3,Washington,Gonzaga,DC,USA,4,80,246,30,29,32,17,29,31,38,45,29,32,30,27,83,B-,63,34,63,53,28,0,0,0,0,0,1,1,1,1,0,0,4,0,,,0,0,Average,Average,"Prefers to play with former teammates",,"Trolls on Discord","Wants to finish degree",0,,0,0,,98,TCU,9,1,9,24,"Phoenix Suns",1,1,0,0,0,0,0,0,0,0,0,0,0,0,0,0,0,31,4,3,0,0,1680,"2026-03-11 14:25:37.165","2026-07-30 19:16:30.173",NULL,0,0,0,0,0,0,0,0,0,0,0,29,0
3232,24,PHX,Caleb,Flowers,G,"Combo Guard",34,30,12,,,,Brazil,0,74,208,34,31,32,38,30,37,36,33,37,35,42,32,52,C+,52,38,58,53,18,0,0,0,0,0,0,0,0,0,0,0,0,0,,,0,0,Average,Average,,,Average,,30,"Utah Jazz",0,0,,42,IOWA,0,0,0,174,UTA,1,0,0,0,0,0,0,0,0,0,0,1,0,0,0,0,0,2.5,7,6,0,0,3232,"2026-03-11 14:25:39.098","2026-09-14 16:00:12.760",NULL,0,0,0,0,0,0,0,0,0,0,0,36,0
8356,24,"Phoenix Suns",Caleb,Mack,F,Two-Way,18,25,0,,,,Australia,3,77,200,19,5,30,8,19,18,28,17,24,22,21,27,84,A+,43,33,68,37,7,0,1,0,1,1,1,0,0,0,1,1,6,0,,,0,0,Average,"Hometown hero","Prefers to play for a team where he can start immediately",,Average,Average,0,,0,0,,165,Whai,216,1,32,24,"Phoenix Suns",1,0,0,0,0,0,0,0,0,0,0,1,1,1,0,0,0,0.7,7,3,0,0,8356,"2026-03-11 14:25:42.819","2026-09-01 19:38:30.594",NULL,0,0,0,0,0,0,0,0,0,0,0,15,0
954,24,PHX,Chun,Wan,F,Two-Way,26,26,3,,,,Malaysia,2,77,229,26,27,32,16,26,25,26,16,28,27,44,25,72,D+,19,39,58,58,24,0,1,0,0,0,0,0,0,1,1,0,3,0,,,0,0,Average,Average,Average,,Average,Average,0,,0,0,,37,GT,74,2,74,29,"Toronto Raptors",1,0,0,0,0,1,0,0,0,0,0,1,0,0,0,0,0,10,6,5,0,0,954,"2026-03-11 14:25:35.918","2026-09-20 01:01:37.351",NULL,0,0,0,0,0,0,0,0,0,0,0,30,0
8637,24,"Phoenix Suns",Adel,Ali,G,"Combo Guard",23,28,2,,,,Algeria,4,75,208,29,36,14,35,34,31,26,27,31,27,44,17,93,A+,41,45,42,47,15,1,0,1,1,1,0,1,1,0,1,0,7,0,,,0,0,Average,Average,Average,,"Streams too much",Average,0,,0,0,,24,"Phoenix Suns",88,1,2,24,"Phoenix Suns",1,1,1,0,0,0,0,0,0,0,0,0,0,0,0,0,0,38.75,4,3,0,0,8637,"2026-03-11 14:25:44.066","2026-07-30 19:28:25.428",NULL,0,0,0,0,0,0,0,0,0,0,0,32,0
1990,24,"Phoenix Moons",Viktor,Raulerson,G,3-and-D,25,26,3,Jackson,Jackson,GA,USA,3,70,186,27,22,27,33,31,28,30,14,30,24,38,21,79,B+,68,48,37,73,8,0,0,0,1,0,0,0,0,0,1,0,2,0,,,0,0,Average,Average,Average,,"Footwork king","Naturally book smart",21,"Oklahoma City Thunder",0,0,,123,WAKE,62,2,62,21,"Oklahoma City Thunder",1,0,0,0,0,0,0,0,0,0,0,0,0,0,0,1,0,10,6,5,0,0,1990,"2026-03-11 14:25:38.274","2026-07-30 19:17:32.647",NULL,0,0,0,0,0,0,0,0,0,0,0,28,0
8915,24,PHX,Akram,Ali,G,"Combo Guard",19,28,0,,,,Egypt,4,70,198,16,20,7,13,14,20,28,22,17,16,4,20,36,C,38,37,32,58,3,0,0,1,0,0,1,1,0,0,0,1,4,0,,,0,0,Average,Average,Average,,Average,Average,0,,0,0,,183,"Kazma SC",0,0,0,0,,1,0,0,0,1,0,0,0,0,0,0,1,1,1,0,0,0,0.7,7,3,0,0,8915,"2026-03-11 14:25:45.117","2026-09-20 01:00:20.675",NULL,0,0,0,0,0,0,0,0,0,0,0,8,0
8924,24,PHX,"Ghiyath Al-Din",Shamoun,G,"Combo Guard",21,25,0,,,,"Saudi Arabia",3,71,192,21,4,24,36,12,23,20,30,22,24,23,22,67,A,91,35,32,63,3,0,1,1,0,0,0,1,0,1,0,1,5,0,,,0,0,Stoic,Average,"Prefers to play for a team with a rich history",,Average,Average,0,,0,0,,139,Peja,0,0,0,0,,1,0,0,0,1,0,0,0,0,0,0,1,1,1,0,0,0,0.7,7,2,0,0,8924,"2026-03-11 14:25:45.117","2026-09-23 22:24:35.946",NULL,0,0,0,0,0,0,0,0,0,0,0,23,0
3297,24,PHX,Jeremy,Phillips,F,"Power Forward",35,30,13,,,,Iceland,0,80,245,32,28,28,34,32,29,31,31,34,35,34,43,45,C,45,36,11,63,6,0,1,0,0,0,0,0,1,0,0,1,3,0,,,0,0,Average,Average,,,Average,,8,DEN,0,0,,16,BUFF,0,0,0,152,DET,1,0,0,0,0,0,0,0,0,0,0,1,0,0,1,0,0,2.5,4,3,0,0,3297,"2026-03-11 14:25:39.715","2026-09-14 16:00:17.232",NULL,0,0,0,0,0,0,0,0,0,0,0,39,0
2021,24,PHX,Mark,Tomaskovic,F,"Point Forward",23,0,0,"Cass City","Cass City",MI,USA,4,80,231,22,27,22,6,18,20,28,13,26,23,29,28,29,A+,87,47,1,1,0,0,0,0,0,0,1,0,0,0,0,1,2,0,,,0,0,Tough,Average,Average,,"Working-Class mentality",Average,0,,0,0,,126,WVU,0,0,0,0,,1,0,0,0,1,0,0,0,0,0,0,1,0,0,0,0,0,0.7,7,4,0,0,2021,"2026-09-01 19:42:12.764","2026-09-20 00:59:35.739",NULL,0,0,0,0,0,0,0,0,0,0,0,23,0
253,24,"Phoenix Suns",Arthur,Smith,G,"Combo Guard",27,26,5,,,,Lebanon,0,76,197,35,41,30,29,37,33,36,37,36,34,29,44,88,A,88,45,32,58,29,0,0,0,0,0,0,1,0,0,0,0,1,0,,,0,0,Paranoid,Average,,,Average,,0,,0,0,,91,SMU,0,0,0,167,PHX,1,1,0,0,0,0,0,0,0,0,0,0,0,0,0,0,0,31,4,3,0,0,253,"2026-03-11 14:25:34.683","2026-07-30 19:11:58.229",NULL,0,0,0,0,0,0,0,0,0,0,0,36,0
8454,25,POR,Samuil,Vishniakov,C,"Post Scorer",18,33,0,,,,Russia,5,85,265,21,32,6,24,4,19,19,28,23,26,27,25,44,C-,3,38,53,32,10,1,0,1,0,1,0,1,1,0,1,1,7,0,,,0,0,Abrasive,Average,Average,,Average,Average,0,,0,0,,52,"VEF Riga",0,0,0,0,,1,0,0,0,1,0,0,0,0,0,0,1,1,1,0,0,0,0.7,7,4,0,0,8454,"2026-03-11 14:25:43.434","2026-09-21 17:44:52.897",NULL,0,0,0,0,0,0,0,0,0,0,0,26,0
270,25,"Portland Trailblazers",Scot,Wilde,G,"Shooting Guard",25,26,5,,,,Serbia,0,75,209,28,24,31,43,34,31,24,22,24,23,22,25,51,C+,51,39,58,32,5,0,0,1,0,0,0,0,0,0,0,0,1,0,,,0,0,Average,Average,,,"Skips Leg Day",,0,,0,0,,139,SDST,0,0,0,168,POR,1,0,0,0,0,0,0,0,0,0,0,0,0,0,0,0,0,1.9,5,4,0,0,270,"2026-03-11 14:25:34.683","2026-07-30 19:12:01.494",NULL,0,0,0,0,0,0,0,0,0,0,0,32,0
6940,25,POR,Noah,Green,F,"Power Forward",21,27,1,Wilmington,Hoggard,NC,USA,5,80,204,24,27,22,24,17,27,26,25,24,24,26,25,50,C+,50,38,1,1,0,0,0,1,0,0,0,0,0,0,0,1,2,0,,,0,0,Cooperative,"I'm the starter","Prefers to play for a national championship contender",,"Track Athlete","Frequent visits to the principal",0,,0,0,,34,UGA,0,0,0,0,,1,0,0,0,1,0,0,0,0,0,0,1,0,0,0,0,0,10,7,2,0,0,6940,"2026-03-11 14:25:42.819","2026-09-21 17:50:30.411",NULL,0,0,0,0,0,0,0,0,0,0,0,27,0
289,25,POR,Mark,Morris,F,"Point Forward",24,0,0,Nicolaus,"East Nicolaus",CA,USA,3,78,214,20,39,23,13,19,19,20,17,20,19,11,26,90,C,42,44,1,1,0,1,0,0,0,1,0,0,0,0,0,0,2,0,,,0,0,Average,Average,Average,,Average,Average,0,,0,0,,24,COLO,0,0,0,0,,1,0,0,0,1,0,0,0,0,0,0,1,0,0,0,0,0,0.7,7,2,0,0,289,"2026-09-01 19:39:12.718","2026-09-21 17:44:36.385",NULL,0,0,0,0,0,0,0,0,0,0,0,27,0
1582,25,POR,Michael,Fennell,F,"Power Forward",26,27,3,Baltimore,Woodlawn,MD,USA,3,80,243,28,33,27,16,31,27,37,26,32,29,35,26,84,B-,59,37,37,79,14,0,0,1,0,0,1,0,0,0,1,1,4,0,,,0,0,Average,Average,Average,,Average,"Takes AP classes",19,"New Orleans Pelicans",0,0,,90,SJSU,25,1,25,19,"New Orleans Pelicans",1,1,0,0,0,0,0,0,0,0,0,0,0,0,0,0,0,31,7,6,0,0,1582,"2026-03-11 14:25:37.165","2026-07-30 19:16:10.211",NULL,0,0,0,0,0,0,0,0,0,0,0,26,0
8770,25,"Portland Trailblazers",Atiqullah,Rashid,G,3-and-D,23,23,2,,,,Kuwait,4,71,221,25,22,22,29,19,25,28,22,28,29,21,35,50,C-,60,41,37,100,7,1,0,1,0,1,1,1,0,0,0,1,6,0,,,0,0,Average,Average,Average,,Average,Average,0,,0,0,,128,"Real Esteli",200,2,58,25,"Portland Trailblazers",1,0,0,0,0,0,0,0,0,0,0,1,1,1,0,0,0,10,7,3,0,0,8770,"2026-03-11 14:25:44.066","2026-07-30 19:29:04.757",NULL,0,0,0,0,0,0,0,0,0,0,0,27,0
3142,25,POR,Alejandro,Sherman,G,"Combo Guard",32,28,10,,,,Brazil,0,72,209,39,36,42,39,41,38,37,38,40,40,47,39,62,B-,62,35,47,47,17,1,0,0,0,0,0,0,0,0,0,0,1,0,,,0,0,Average,Average,,,Average,,0,,0,0,,80,ODU,0,0,0,149,CHI,1,1,0,0,0,0,0,0,0,0,0,0,0,0,0,0,0,46.5,5,4,0,0,3142,"2026-03-11 14:25:39.098","2026-07-30 19:19:16.318",NULL,0,0,0,0,0,0,0,0,0,0,0,39,0
2387,25,POR,Jeffrey,Mccullough,C,"Rim Protector",26,27,3,,,,Germany,4,82,245,30,37,16,23,37,25,27,34,30,33,36,32,94,A,79,44,79,58,18,0,0,0,0,0,0,0,0,1,0,0,1,0,,,0,0,Average,"Hates Tags",Average,,Average,"Studies hard",12,"Indiana Pacers",0,0,,200,GONZ,12,1,12,12,"Indiana Pacers",1,1,0,0,0,0,0,0,0,0,0,0,0,0,0,0,0,31,4,3,0,0,2387,"2026-03-11 14:25:39.098","2026-07-30 19:18:49.408",NULL,0,0,0,0,0,0,0,0,0,0,0,26,0
1628,25,"Portland Trailblazers",Jesse,Powell,C,"Rim Protector",26,27,3,,,,Nigeria,2,83,275,25,30,25,28,7,23,15,44,22,32,24,25,85,A,83,43,63,37,20,0,1,0,0,0,0,1,0,0,0,0,2,0,,,0,0,Average,Average,Average,,Average,Average,0,,0,0,,94,USF,0,0,0,0,,1,0,0,0,0,1,0,0,0,0,0,0,0,0,0,0,0,20,7,6,0,0,1628,"2026-03-11 14:25:37.165","2026-09-21 17:47:09.995",NULL,0,0,0,0,0,0,0,0,0,0,0,28,0
3164,25,POR,Terry,Bowen,C,"Stretch Center",34,30,12,,,,Andorra,0,82,256,38,31,35,38,44,35,44,43,37,39,40,33,45,C,45,37,42,27,15,1,0,1,0,0,0,0,0,0,0,0,2,0,,,0,0,Average,Average,,,"Skips Leg Day",,16,"Miami Heat",0,0,,56,MEMP,0,0,0,159,MIA,1,0,0,0,0,0,0,0,0,0,0,1,0,0,0,0,0,20,4,3,0,0,3164,"2026-03-11 14:25:39.098","2026-09-14 16:00:08.655",NULL,0,0,0,0,0,0,0,0,0,0,0,36,0
3165,25,POR,Lorenzo,Manning,F,"Point Forward",30,27,8,,,,Canada,0,78,240,35,32,32,36,44,38,38,36,33,32,34,29,45,C,45,35,100,42,29,0,0,1,0,1,0,0,1,1,0,0,4,0,,,0,0,Average,"Drafted team discount",,,Average,,18,"Minnesota Timberwolves",0,0,,23,CCU,0,0,0,161,MIN,1,0,0,0,0,0,0,0,0,0,0,0,0,0,0,0,0,20,4,3,0,0,3165,"2026-03-11 14:25:39.098","2026-07-30 19:19:21.550",NULL,0,0,0,0,0,0,0,0,0,0,0,31,1
621,25,"Portland Trailblazers",Douglas,Kimmes,C,"Stretch Center",25,27,3,,,,"United Kingdom",4,84,268,26,31,29,9,22,21,19,36,27,34,35,29,76,A+,84,45,68,27,5,0,0,0,0,0,0,1,0,0,0,0,1,0,,,0,0,Motivational,"Hometown hero",Open-Minded,,"Skips Leg Day",Average,0,,0,0,,10,AUB,54,2,54,25,"Portland Trailblazers",1,0,0,0,0,1,0,0,0,0,0,0,0,0,0,1,0,20,7,6,3,0,621,"2026-03-11 14:25:35.298","2026-09-21 17:46:36.714",NULL,0,0,0,0,0,0,0,0,0,0,0,29,0
1391,25,"Portland Trailblazers",Miguel,Valdez,F,"Point Forward",26,29,3,,,,Guatemala,4,77,236,27,30,32,12,41,23,23,39,20,31,18,27,58,D,19,40,89,79,16,0,0,0,1,0,0,1,0,0,0,1,3,0,,,0,0,Average,"Hates Tags",Average,,Average,Average,0,,0,0,,74,NW,0,0,0,0,,1,0,0,0,0,0,0,0,0,0,0,0,0,0,0,0,0,20,4,3,0,0,1391,"2026-03-11 14:25:36.540","2026-07-30 19:15:32.046",NULL,0,0,0,0,0,0,0,0,0,0,0,23,0
8304,25,"Portland Trailblazers",Chul,Maeng,F,Swingman,21,26,0,,,,"South Korea",3,79,242,21,31,21,28,14,19,8,19,20,26,30,28,55,B,13,40,53,37,6,1,1,1,0,0,0,0,1,0,1,1,6,0,,,0,0,Motivational,Loyal,Average,,Average,Average,0,,0,0,,73,"Fujian Sturgeons",264,2,29,25,"Portland Trailblazers",1,0,0,0,1,0,0,0,0,0,0,1,1,1,0,0,0,0.7,7,3,0,0,8304,"2026-03-11 14:25:42.819","2026-09-21 17:45:03.109",NULL,0,0,0,0,0,0,0,0,0,0,0,23,0
635,25,"Portland Trailblazers",Gregory,Foster,G,"Combo Guard",25,30,3,Tacoma,Wilson,WA,USA,4,72,196,30,26,32,37,50,30,34,25,28,21,22,23,80,B+,55,35,68,37,8,0,0,0,1,0,0,1,0,0,1,0,3,0,,,0,0,Average,Average,"Prefers to play for a national championship contender",,Average,Average,0,,0,0,,11,BALL,22,1,22,25,"Portland Trailblazers",1,0,0,0,0,0,0,0,0,0,0,0,0,0,0,0,0,20,6,5,0,0,635,"2026-03-11 14:25:35.298","2026-07-30 19:12:58.659",NULL,0,0,0,0,0,0,0,0,0,0,0,29,1
3454,25,POR,Clyde,Frazier,G,"Combo Guard",31,29,9,,,,Scotland,0,76,198,35,34,29,25,33,30,41,37,41,37,50,32,87,A,87,39,47,63,22,0,0,0,0,0,0,0,1,0,1,1,3,0,,,0,0,Uncooperative,Average,,,Average,,18,"Minnesota Timberwolves",0,0,,122,VT,0,0,0,161,MIN,1,1,0,0,0,0,0,0,0,0,0,0,0,0,0,0,0,38.75,4,3,0,0,3454,"2026-03-11 14:25:39.715","2026-07-30 19:20:09.307",NULL,0,0,0,0,0,0,0,0,0,0,0,39,0
8831,25,"Portland Trailblazers",Gostomysl,Kolobov,F,Swingman,24,25,2,,,,Russia,4,77,238,27,19,20,32,34,20,20,13,34,33,30,47,70,B,50,47,27,53,3,0,0,1,1,0,0,0,0,0,1,1,4,0,,,0,0,Average,Average,Legacy,,Average,"Frequent visits to the principal",0,,0,0,,58,"Barangay Ginebra San Miguel",168,1,26,25,"Portland Trailblazers",1,0,0,0,0,0,0,0,0,0,0,1,1,1,0,0,0,10,7,4,0,0,8831,"2026-03-11 14:25:44.066","2026-07-30 19:29:22.817",NULL,0,0,0,0,0,0,0,0,0,0,0,36,0
8589,25,POR,Patryk,Wojnicz,F,"Point Forward",18,26,0,,,,Poland,5,78,226,20,18,13,17,9,18,28,19,27,23,27,26,47,D+,53,34,79,37,3,0,1,0,0,0,1,1,0,0,1,1,5,0,,,0,0,Average,Average,Average,,"Focuses on Max Reps","Has other priorities",0,,0,0,,47,Zalgiris,0,0,0,0,,1,0,0,0,1,0,0,0,0,0,0,1,1,1,0,0,0,0.7,7,2,0,0,8589,"2026-03-11 14:25:43.434","2026-09-21 17:44:32.536",NULL,0,0,0,0,0,0,0,0,0,0,0,19,0
8869,25,POR,Ryan,Oliver,G,"Point Guard",18,22,0,,,,Australia,5,75,196,22,16,30,29,7,25,19,28,21,22,29,19,54,C,42,35,63,68,8,0,1,1,0,0,0,1,0,0,1,0,4,0,,,0,0,Average,Average,"Prefers to play for a team where he can start immediately",,Average,"Values academics",0,,0,0,,33,"ALBA Berlin",0,0,0,0,,1,0,0,0,1,0,0,0,0,0,0,1,1,1,0,0,0,0.7,7,4,0,0,8869,"2026-03-11 14:25:45.117","2026-09-21 17:45:55.992",NULL,0,0,0,0,0,0,0,0,0,0,0,27,0
3239,25,POR,Pete,Clarke,C,"Post Scorer",34,29,12,,,,Norway,0,82,225,33,29,29,38,31,33,38,36,33,33,32,36,45,C,45,38,68,100,12,0,0,0,0,0,0,1,1,0,1,0,3,0,,,0,0,Average,Loyal,,,Average,,12,IND,0,0,,106,TROY,0,0,0,41,IND,1,0,0,0,0,0,0,0,0,0,0,1,0,0,1,0,0,2.5,4,3,0,0,3239,"2026-03-11 14:25:39.098","2026-09-14 16:00:14.842",NULL,0,0,0,0,0,0,0,0,0,0,0,32,0
11438,25,POR,Basilio,Arjona,C,"Stretch Center",20,26,0,,,,Spain,5,85,258,21,20,23,22,7,21,21,26,21,25,26,19,83,A,47,35,68,53,254,0,1,1,0,0,1,1,0,0,1,0,5,0,,,0,0,Average,Average,Legacy,,Average,Average,0,,0,0,,37,"Cazoo Baskonia",0,0,0,0,,1,0,0,0,1,0,0,0,0,0,0,1,1,1,0,0,0,0.7,7,3,0,0,11438,"2026-03-11 14:25:49.472","2026-09-21 17:44:41.418",NULL,0,0,0,0,0,0,0,0,0,0,0,22,1
8374,25,POR,Svein,Solberg,F,"Point Forward",18,24,0,,,,Norway,5,77,226,20,28,13,25,13,20,21,19,21,18,27,14,10,F,49,40,32,53,8,1,1,1,1,0,1,0,0,1,1,1,8,0,,,0,0,Average,Adversarial,"Prefers to play in a different state",,Average,Average,0,,0,0,,150,"Asker Aliens",0,0,0,0,,1,0,0,0,1,0,0,0,0,0,0,1,1,1,0,0,0,0.7,7,2,0,0,8374,"2026-03-11 14:25:43.434","2026-09-21 17:44:34.400",NULL,0,0,0,0,0,0,0,0,0,0,0,15,0
9655,25,POR,Egon,Malmberg,G,3-and-D,18,25,0,,,,Iceland,5,71,207,21,26,15,24,18,25,27,20,21,21,12,30,49,C+,43,38,42,89,5,1,0,1,1,1,1,0,0,0,0,1,6,0,,,0,0,Flamboyant,Loyal,"Prefers to play in a different state",,Complacent,"Takes AP classes",0,,0,0,,148,IR,0,0,0,0,,1,0,0,0,1,0,0,0,0,0,0,1,1,1,0,0,0,0.7,7,4,0,0,9655,"2026-03-11 14:25:48.111","2026-09-21 17:44:44.234",NULL,0,0,0,0,0,0,0,0,0,0,0,22,0
960,25,POR,John,Larock,C,"Rim Protector",24,30,1,Hurricane,Hurricane,WV,USA,3,81,268,25,26,10,23,26,20,22,15,31,32,38,40,99,C+,36,35,1,1,0,0,0,1,1,0,1,0,0,0,0,1,4,0,,,0,0,Average,"Drafted team discount",Average,,Average,Average,0,,0,0,,37,GT,0,0,0,0,,1,0,0,0,0,1,0,0,0,0,0,1,0,0,0,0,0,10,7,5,0,0,960,"2026-03-11 14:25:35.918","2026-09-21 17:47:58.896",NULL,0,0,0,0,0,0,0,0,0,0,0,24,0
10177,25,POR,Nimr,Asker,C,"Rim Protector",18,25,0,,,,"Saudi Arabia",4,84,291,20,21,23,28,13,22,15,26,17,22,20,18,51,C-,39,34,47,58,8,0,1,1,0,1,1,1,0,0,0,0,5,0,,,0,0,Reliable,Average,Average,,"Footwork king",Average,0,,0,0,,178,"Sporting Alexandria",0,0,0,0,,1,0,0,0,1,0,0,0,0,0,0,1,1,1,0,0,0,0.7,7,3,0,0,10177,"2026-03-11 14:25:49.472","2026-09-21 17:44:27.021",NULL,0,0,0,0,0,0,0,0,0,0,0,23,0
8914,25,POR,"Xin Yi",Teng,G,"Shooting Guard",19,22,0,,,,Taiwan,5,71,201,20,23,30,26,16,24,20,22,14,16,14,15,63,B-,45,35,58,73,4,1,1,1,1,1,0,1,0,0,1,0,7,0,,,0,0,Average,Average,"Prefers to play for a specific coach",,"Center of Attention","Less likely to get academic probation",0,,0,0,,88,"Hamburg Towers",0,0,0,0,,1,0,0,0,1,0,0,0,0,0,0,1,1,1,0,0,0,0.7,7,2,0,0,8914,"2026-03-11 14:25:45.117","2026-09-21 17:44:29.936",NULL,0,0,0,0,0,0,0,0,0,0,0,21,1
9430,25,POR,Bryce,Thompson,F,Two-Way,20,30,0,,,,Australia,4,77,243,21,21,24,24,22,24,26,13,25,16,15,26,72,B-,22,38,58,58,6,1,1,1,0,0,1,0,1,1,0,1,7,0,,,0,0,Popular,Average,Average,,"Film Room Genius",Average,0,,0,0,,106,REG,0,0,0,0,,1,0,0,0,1,0,0,0,0,0,0,1,1,1,0,0,0,0.7,7,3,0,0,9430,"2026-03-11 14:25:47.200","2026-09-21 17:44:48.227",NULL,0,0,0,0,0,0,0,0,0,0,0,20,0
1256,25,POR,Salvatore,Licklider,F,"Power Forward",26,28,3,"Lake Forest","Lake Forest",IL,USA,3,80,229,25,18,32,13,30,18,23,46,22,30,21,22,57,A+,97,43,32,63,20,0,1,0,0,0,0,1,1,1,1,0,5,0,,,0,0,Average,Average,"Prefers to play with former teammates",,Average,Studious,0,,0,0,,63,MSST,0,0,0,0,,1,0,0,0,0,0,0,0,0,0,0,0,0,0,0,0,0,10,4,3,0,0,1256,"2026-03-11 14:25:36.540","2026-07-30 19:15:04.352",NULL,0,0,0,0,0,0,0,0,0,0,0,42,0
8432,25,"Portland Trailblazers",Bohan,Tu,G,"Combo Guard",23,27,0,,,,China,3,70,182,21,24,12,48,13,27,21,16,19,17,28,9,96,A+,32,39,42,53,7,0,0,1,0,1,0,0,0,0,0,0,2,0,,,0,0,Reliable,Average,Average,,Average,Average,0,,0,0,,174,"Bahrain SC",254,2,12,25,"Portland Trailblazers",1,0,0,0,0,0,0,0,0,0,0,0,1,1,0,0,0,0.7,7,3,0,0,8432,"2026-03-11 14:25:43.434","2026-09-01 19:38:41.252",NULL,0,0,0,0,0,0,0,0,0,0,0,21,0
1269,25,POR,Christopher,Miramontes,G,3-and-D,26,26,3,,,,Chile,3,73,180,28,24,41,32,33,30,27,22,25,23,25,26,79,B,69,38,42,32,21,1,1,0,0,1,0,0,0,0,0,0,3,0,,,0,0,Eccentric,Average,Fanboy,,Average,Average,0,,0,0,,64,MIZZ,0,0,0,0,,1,0,0,0,0,0,0,0,0,0,0,0,0,0,0,0,0,10,6,5,0,0,1269,"2026-03-11 14:25:36.540","2026-07-30 19:15:07.049",NULL,0,0,0,0,0,0,0,0,0,0,0,31,0
544,26,"Sacramento Kings",David,Boulay,F,"Point Forward",25,30,2,,,,Russia,3,77,228,26,27,22,30,23,28,33,18,27,24,25,29,81,D+,28,30,1,1,25,0,0,1,0,0,1,0,1,1,1,1,6,0,,,0,0,Average,"Hates Cleveland",Average,,"Gym Rat",Average,0,,0,0,,4,APST,0,1,22,26,"Sacramento Kings",1,0,0,0,0,0,0,0,0,0,0,0,0,0,0,0,0,20,4,3,0,0,544,"2026-03-11 14:25:35.298","2026-07-30 19:12:40.069",NULL,0,0,0,0,0,0,0,0,0,0,0,24,0
3362,26,SAC,Lawrence,Morgan,F,"Power Forward",32,27,10,,,,Argentina,0,78,241,33,27,36,20,33,28,26,49,31,41,40,27,64,B,64,37,47,16,17,1,1,1,0,0,0,1,0,1,0,0,5,0,,,0,0,Average,"I'm the starter",,,Persistant,,17,MIL,0,0,,66,NCST,0,0,0,162,NOP,1,0,0,0,0,0,0,0,0,0,0,1,0,0,0,0,0,10,6,5,0,0,3362,"2026-03-11 14:25:39.715","2026-09-19 16:00:18.371",NULL,0,0,0,0,0,0,0,0,0,0,0,35,0
2345,26,"Sacramento Kings",John,Burch,G,"Combo Guard",23,0,0,Weirton,Weir,WV,USA,3,73,207,20,13,23,38,22,20,15,19,17,21,25,12,51,F,15,39,1,1,0,0,0,1,0,1,0,1,1,0,1,0,5,0,,,0,0,Focused,Average,Average,,"Footwork king","Skips classes often",0,,0,0,,196,PROV,262,2,10,26,"Sacramento Kings",1,0,0,0,0,0,0,0,0,0,0,0,0,0,0,0,0,0,0,0,0,0,2345,"2026-09-01 19:38:39.373","2026-09-01 19:38:39.373",NULL,0,0,0,0,0,0,0,0,0,0,0,22,1
3137,26,"Sacramento Kings",Roy,Adams,C,"Stretch Center",31,26,9,,,,Spain,0,81,270,34,35,32,37,36,37,34,29,33,34,33,42,48,C,48,36,68,37,12,0,1,0,1,0,0,1,0,1,1,1,6,0,,,0,0,Frail,Adversarial,,,Average,,0,,0,0,,104,TTU,0,0,0,169,SAC,1,0,0,0,0,0,0,0,0,0,0,0,0,0,0,0,0,20,3,2,0,0,3137,"2026-03-11 14:25:39.098","2026-07-30 19:19:14.853",NULL,0,0,0,0,0,0,0,0,0,0,0,37,0
3161,26,SAC,Kent,Bridges,C,"Rim Protector",35,30,13,,,,Norway,0,81,257,39,41,37,38,37,40,50,38,40,40,36,42,80,A-,80,41,58,53,14,0,0,0,0,0,1,0,0,1,1,1,4,0,,,0,0,Paranoid,Average,,,Average,,3,BOS,0,0,,47,UKEN,0,0,0,149,CHI,1,1,0,0,0,0,0,0,0,0,0,1,0,0,0,0,0,46.5,3,2,0,0,3161,"2026-03-11 14:25:39.098","2026-09-19 16:00:07.357",NULL,0,0,0,0,0,0,0,0,0,0,0,40,0
3166,26,SAC,Mitchell,Weber,G,"Point Guard",32,28,10,,,,"South Sudan",0,75,189,38,33,44,37,36,41,42,41,36,36,35,35,66,B,66,41,21,53,16,0,0,0,0,1,0,0,1,1,0,0,3,0,,,0,0,Flamboyant,Average,,,Lazy,,0,,0,0,,106,TROY,0,0,0,163,NYK,1,1,0,0,0,0,0,0,0,0,0,1,0,0,0,0,0,46.5,4,3,0,0,3166,"2026-03-11 14:25:39.098","2026-09-19 16:00:08.163",NULL,0,0,0,0,0,0,0,0,0,0,0,37,0
3173,26,SAC,Casey,Casey,F,"Point Forward",33,28,11,,,,Cyprus,0,78,236,34,33,35,28,39,30,33,26,37,35,35,43,48,C,48,30,42,53,9,0,0,0,0,0,0,1,0,0,0,0,1,0,,,0,0,Average,Average,,,"Gym Rat",,2,BKN,0,0,,97,CUSE,0,0,0,147,BKN,1,0,0,0,0,0,0,0,0,0,0,1,0,0,0,0,0,10,5,4,0,0,3173,"2026-03-11 14:25:39.098","2026-09-19 16:00:17.014",NULL,0,0,0,0,0,0,0,0,0,0,0,35,0
3191,26,"Sacramento Kings",Kevin,Henderson,G,3-and-D,28,29,6,,,,Cyprus,0,76,184,31,27,29,33,33,32,30,39,31,31,29,28,46,C,46,48,47,42,28,0,0,0,1,0,0,0,1,0,0,0,2,0,,,0,0,Average,Average,,,"Working-Class mentality",,0,,0,0,,61,MTSU,0,0,0,169,SAC,1,0,0,0,0,0,0,0,0,0,0,0,0,0,0,0,0,20,5,4,0,0,3191,"2026-03-11 14:25:39.098","2026-07-30 19:19:25.997",NULL,0,0,0,0,0,0,0,0,0,0,0,34,0
3196,26,SAC,Kenneth,Barnes,G,Slasher,31,29,9,,,,Mozambique,0,76,210,39,37,42,40,44,39,39,44,35,41,42,32,75,A-,75,48,68,79,28,0,0,0,0,1,1,1,1,1,0,0,5,0,,,0,0,Average,Average,,,Average,,0,,0,0,,98,TCU,0,0,0,156,LAL,1,1,0,0,0,0,0,0,0,0,0,0,0,0,0,0,0,38.75,3,2,0,0,3196,"2026-03-11 14:25:39.098","2026-07-30 19:19:27.157",NULL,0,0,0,0,0,0,0,0,0,0,0,40,0
915,26,"Sacramento Kings",Joseph,Swenson,F,"Point Forward",26,30,3,,,,Greece,4,78,205,35,35,31,29,35,34,35,28,40,38,45,41,91,B+,66,45,68,68,27,0,0,1,0,1,0,0,1,1,1,1,6,0,,,0,0,Reserved,"Money motivated",Average,,"Focuses on Max Weight",Average,0,,0,0,,34,UGA,1,1,1,26,"Sacramento Kings",1,1,0,0,0,0,0,0,0,0,0,0,0,0,0,0,0,31,5,4,0,0,915,"2026-03-11 14:25:35.918","2026-07-30 19:13:55.382",NULL,0,0,0,0,0,0,0,0,0,0,0,40,0
3228,26,"Sacramento Kings",Wayne,Collins,F,"Point Forward",31,29,9,,,,Laos,0,77,224,34,40,32,38,28,39,36,31,36,32,36,34,41,C-,41,45,42,21,22,0,0,0,0,0,0,0,0,1,0,1,2,0,,,0,0,Average,Average,,,Average,,0,,0,0,,65,NAVY,0,0,0,169,SAC,1,0,0,0,0,0,0,0,0,0,0,0,0,0,0,0,0,20,5,4,0,0,3228,"2026-03-11 14:25:39.098","2026-07-30 19:19:33.347",NULL,0,0,0,0,0,0,0,0,0,0,0,38,0
1693,26,"Sacramento Kings",Jing,Kahawai,F,Two-Way,26,29,3,"West Linn","West Linn",OR,USA,4,78,205,26,40,18,11,18,26,31,37,28,30,30,26,56,C,34,40,63,73,16,1,0,1,0,0,1,1,1,1,0,0,6,0,,,0,0,Average,Average,Average,,Average,Average,0,,0,0,,99,TEMP,0,0,0,0,,1,0,0,0,0,0,0,0,0,0,0,0,0,0,0,0,0,20,4,3,0,0,1693,"2026-03-11 14:25:37.165","2026-07-30 19:16:33.083",NULL,0,0,0,0,0,0,0,0,0,0,0,23,0
3305,26,SAC,Bruce,Young,G,"Point Guard",33,28,11,,,,Lebanon,0,76,222,35,35,42,26,45,35,31,34,31,36,27,43,67,B,67,30,16,58,11,0,0,0,1,0,1,0,0,0,1,0,3,0,,,0,0,"Book Worm",Average,,,Average,,0,,0,0,,53,LSU,0,0,0,165,ORL,1,0,0,0,0,0,0,0,0,0,0,1,0,0,0,0,0,10,6,5,0,0,3305,"2026-03-11 14:25:39.715","2026-09-19 16:00:16.295",NULL,0,0,0,0,0,0,0,0,0,0,0,36,0
2028,26,"Sacramento Kings",Gregory,Bender,G,"Point Guard",24,24,1,,,,Egypt,3,73,194,24,15,36,23,29,27,45,26,22,14,10,7,89,F,17,44,1,1,0,0,1,0,0,1,1,1,0,0,0,0,4,0,,,0,0,Average,Average,Average,,Average,Average,0,,0,0,,127,WKU,0,1,24,26,"Sacramento Kings",1,0,0,0,0,0,0,0,0,0,0,0,0,0,0,0,0,10,0,0,0,0,2028,"2026-03-11 14:25:38.274","2026-07-30 19:17:40.190",NULL,0,0,0,0,0,0,0,0,0,0,0,28,0
1263,26,"Sacramento Kings",Gregory,Barrett,C,"Post Scorer",24,24,1,Caledonia,Caledonia,MN,USA,3,85,221,23,44,10,21,4,19,5,30,25,33,39,28,88,A+,96,44,1,1,0,1,0,1,0,0,0,0,0,0,1,0,3,0,,,0,0,Average,Average,Average,,"Track Athlete",Average,0,,0,0,,63,MSST,0,2,52,26,"Sacramento Kings",1,0,0,0,0,0,0,0,0,0,0,0,0,0,0,0,0,10,0,0,0,0,1263,"2026-03-11 14:25:36.540","2026-07-30 19:15:06.459",NULL,0,0,0,0,0,0,0,0,0,0,0,35,0
3337,27,"San Antonio Spurs",Wayne,Brown,G,"Combo Guard",28,30,6,,,,Finland,0,76,198,31,30,40,26,40,30,29,33,27,29,25,37,66,B,66,48,58,42,18,0,0,0,1,1,0,0,0,0,0,0,2,0,,,0,0,Extroverted,Average,,,Average,,0,,0,0,,126,WVU,0,0,0,170,SAS,1,0,0,0,0,0,0,0,0,0,0,0,0,0,0,0,0,20,7,6,0,0,3337,"2026-03-11 14:25:39.715","2026-07-30 19:19:51.550",NULL,0,0,0,0,0,0,0,0,0,0,0,33,0
543,27,"San Antonio Spurs",William,Mclean,C,"Post Scorer",25,27,2,Artesia,Artesia,NM,USA,3,84,265,23,44,24,4,13,23,16,37,20,26,17,25,84,A,88,40,1,1,21,1,1,0,0,1,0,1,0,0,0,0,4,0,,,0,0,Frail,Average,Average,,Average,"Borderline failing",0,,0,0,,4,APST,0,1,9,27,"San Antonio Spurs",1,0,0,0,0,0,0,0,0,0,0,0,0,0,0,0,0,20,4,3,0,0,543,"2026-03-11 14:25:35.298","2026-07-30 19:12:39.718",NULL,0,0,0,0,0,0,0,0,0,0,0,19,0
3108,27,SAS,Jay,McKenzie,G,Slasher,22,0,0,Parkersburg,Parkersburg,WV,USA,4,74,185,21,23,19,37,17,26,23,20,19,18,17,25,78,F,7,42,1,1,0,1,0,1,0,0,0,1,1,1,0,0,5,0,,,0,0,Popular,"Hates Cleveland","Prefers to play for a specific coach",,Loud,"Naturally book smart",24,PHX,0,0,,126,WVU,0,0,0,0,,1,0,0,0,1,0,0,0,0,0,0,1,0,0,0,0,0,0.7,7,2,0,0,3108,"2026-09-01 19:43:12.423","2026-09-30 00:14:02.295",NULL,0,0,0,0,0,0,0,0,0,0,0,37,0
3116,27,"San Antonio Spurs",Andrew,Anderson,F,Two-Way,32,30,10,,,,Canada,0,78,247,45,44,46,43,50,44,46,50,44,44,44,50,80,A-,80,41,100,84,18,0,0,0,0,0,0,0,0,0,1,0,1,0,,,0,0,Average,Loyal,,,Average,,0,,0,0,,134,SMC,0,0,0,170,SAS,1,1,1,0,0,0,0,0,1,0,0,0,0,0,0,0,0,54.25,5,4,0,0,3116,"2026-03-11 14:25:39.098","2026-07-30 19:19:08.966",NULL,0,0,0,0,0,0,0,0,0,0,0,46,0
96,27,SAS,Roger,Stewart,F,Two-Way,27,30,5,,,,Argentina,0,80,223,29,46,23,22,22,27,32,29,34,29,29,34,69,B+,69,48,68,32,17,1,0,0,0,1,0,0,1,0,0,0,3,0,,,0,0,Eccentric,Average,,,Average,,0,,0,0,,107,TLNE,0,0,0,176,WAS,1,1,0,0,0,0,0,0,0,0,0,0,0,0,0,0,0,31,4,3,0,0,96,"2026-03-11 14:25:34.683","2026-07-30 19:11:22.078",NULL,0,0,0,0,0,0,0,0,0,0,0,38,0
98,27,SAS,Len,Shultz,C,"Post Scorer",26,28,5,,,,Russia,0,81,241,30,40,25,18,34,23,17,29,34,33,39,42,67,B,67,48,42,42,26,0,0,0,1,0,0,0,0,0,0,1,2,0,,,0,0,Average,Average,,,"Working-Class mentality",,7,"Dallas Mavericks",0,0,,107,TLNE,0,0,0,150,DAL,1,0,0,0,0,0,0,0,0,0,0,1,0,0,0,0,0,20,5,4,0,0,98,"2026-03-11 14:25:34.683","2026-07-30 19:11:22.671",NULL,0,0,0,0,0,0,0,0,0,0,0,31,0
654,27,"San Antonio Spurs",Tommy,Gainer,F,Swingman,23,0,0,Washington,"Warren Hills Regional",NJ,USA,3,77,248,22,25,27,9,15,22,23,25,25,23,23,26,94,A+,93,35,1,1,0,0,1,1,0,1,0,1,0,0,1,0,5,0,,,0,0,Reliable,Average,Average,,"Focuses on Max Weight",Average,0,,0,0,,12,BAYL,271,2,30,27,"San Antonio Spurs",1,0,0,0,0,0,0,0,0,0,0,0,0,0,0,0,0,0,0,0,0,0,654,"2026-09-01 19:38:57.700","2026-09-01 19:38:57.700",NULL,0,0,0,0,0,0,0,0,0,0,0,14,0
1939,27,"San Antonio Spurs",Neil,Wetzel,F,Two-Way,25,27,3,,,,Israel,4,80,242,27,39,35,4,25,28,22,29,30,29,31,27,70,A+,86,37,27,37,8,1,1,0,1,1,0,0,1,0,1,0,6,0,,,0,0,Average,Average,Average,,Average,Average,0,,0,0,,119,UTST,61,2,61,27,"San Antonio Spurs",1,0,0,0,0,0,0,0,0,0,0,0,0,0,0,1,0,20,6,5,0,0,1939,"2026-03-11 14:25:38.274","2026-07-30 19:17:22.965",NULL,0,0,0,0,0,0,0,0,0,0,0,24,0
161,27,"San Antonio Spurs",Ryan,Wilson,F,"Point Forward",27,28,5,,,,China,0,77,242,28,30,22,43,31,31,29,32,25,26,21,24,56,C+,56,48,11,47,18,0,0,0,0,1,0,1,0,0,0,0,2,0,,,0,0,Average,Average,,,Average,,0,,0,0,,136,GEOT,0,0,0,170,SAS,1,0,0,0,0,0,0,0,0,0,0,0,0,0,0,0,0,10,7,6,0,0,161,"2026-03-11 14:25:34.683","2026-07-30 19:11:37.531",NULL,0,0,0,0,0,0,0,0,0,0,0,30,0
1458,27,"San Antonio Spurs",Jesse,Tarr,G,"Point Guard",25,26,3,Manhattan,Manhattan,MT,USA,3,77,213,30,21,37,26,31,35,44,11,35,23,23,36,90,A-,64,30,27,63,1,0,1,0,1,0,1,0,1,0,1,1,6,0,,,0,0,Average,Average,"Prefers to play for a team where he can start immediately",,Average,Average,0,,0,0,,79,OKST,0,0,0,0,,1,0,0,0,0,0,0,0,0,0,0,0,0,0,0,0,0,20,5,4,0,0,1458,"2026-03-11 14:25:36.540","2026-07-30 19:15:45.841",NULL,0,0,0,0,0,0,0,0,0,0,0,27,0
3271,27,SAS,Terry,Bailey,C,"Post Scorer",28,26,6,,,,Andorra,0,83,277,32,26,36,30,31,32,30,32,36,36,37,37,74,B+,74,42,53,42,20,0,0,0,0,0,0,0,0,0,0,0,0,0,,,0,0,Abrasive,Average,,,Average,,24,"Phoenix Suns",0,0,,78,OKLA,0,0,0,168,POR,1,0,0,0,0,0,0,0,0,0,0,0,0,0,0,0,0,20,4,3,0,0,3271,"2026-03-11 14:25:39.715","2026-07-30 19:19:40.080",NULL,0,0,0,0,0,0,0,0,0,0,0,34,0
970,27,"San Antonio Spurs",Michael,Phillips,G,"Combo Guard",25,29,2,Richmond,Monacan,VA,USA,3,77,191,23,24,28,26,22,29,40,25,21,16,10,15,92,B-,62,46,1,1,26,0,0,0,0,0,1,1,0,1,0,0,3,0,,,0,0,Average,Average,Average,,"Footwork king",Distracted,0,,0,0,,38,HAWI,0,1,10,27,"San Antonio Spurs",1,0,0,0,0,0,0,0,0,0,0,0,0,0,0,0,0,20,7,6,0,0,970,"2026-03-11 14:25:35.918","2026-07-30 19:14:07.138",NULL,0,0,0,0,0,0,0,0,0,0,0,27,0
742,27,"San Antonio Spurs",Glenn,Everett,F,Swingman,24,29,1,,,,Austria,3,77,224,21,21,26,15,24,18,17,21,20,26,28,25,71,A-,78,48,1,1,0,0,0,0,0,0,0,1,0,0,0,0,1,0,,,0,0,Average,Average,Average,,"Center of Attention","Frequent visits to the principal",0,,0,0,,19,CMU,0,2,64,27,"San Antonio Spurs",1,0,0,0,0,0,0,0,0,0,0,0,0,0,0,0,0,1.5,0,0,0,0,742,"2026-03-11 14:25:35.298","2026-07-30 19:13:20.733",NULL,0,0,0,0,0,0,0,0,0,0,0,20,0
753,27,"San Antonio Spurs",Gerald,Lara,C,"Rim Protector",25,25,3,Summerville,Chattooga,GA,USA,4,83,249,27,35,24,7,18,20,19,30,27,35,42,31,97,A-,73,44,63,53,7,0,0,0,0,1,0,0,1,1,1,0,4,0,,,0,0,Average,Average,Average,,Average,Average,0,,0,0,,20,CHAR,0,0,0,0,,1,0,0,0,0,0,0,0,0,0,0,0,0,0,0,0,0,20,6,5,0,0,753,"2026-03-11 14:25:35.298","2026-07-30 19:13:22.847",NULL,0,0,0,0,0,0,0,0,0,0,0,23,0
1036,28,"Seattle Supersonics",Kevin,Lukacs,G,"Point Guard",23,0,0,"New Albany","New Albany",IN,USA,3,70,187,23,27,21,23,30,23,25,16,23,20,23,24,84,A+,91,44,1,1,0,0,0,0,0,0,0,0,1,1,0,0,2,0,,,0,0,Average,Average,Average,,Average,Average,0,,0,0,,44,KANS,236,1,14,28,"Seattle Supersonics",1,0,0,0,0,0,0,0,0,0,0,0,0,0,0,0,0,0,0,0,0,0,1036,"2026-09-01 19:38:14.923","2026-09-01 19:38:14.923",NULL,0,0,0,0,0,0,0,0,0,0,0,24,0
33,28,SEA,Merrill,Lowery,G,"Point Guard",26,30,3,Miami,Central,FL,USA,3,76,194,26,20,31,25,43,26,28,8,25,24,27,27,78,B+,52,43,53,79,11,0,0,0,1,1,1,0,0,0,0,1,4,0,,,0,0,Average,Average,Average,,Average,Average,0,,0,0,,133,USD,0,0,0,0,,1,0,0,0,0,0,0,0,0,0,0,1,0,0,0,0,0,1.7,7,6,0,0,33,"2026-03-11 14:25:34.683","2026-09-29 16:00:13.272",NULL,0,0,0,0,0,0,0,0,0,0,0,23,0
3125,28,"Seattle Supersonics",Russell,Garcia,F,Swingman,32,29,10,,,,Spain,0,78,211,38,41,49,43,41,40,34,38,32,33,34,38,48,C,48,40,63,32,29,0,0,0,0,0,0,0,1,0,0,0,1,0,,,0,0,Average,Average,,,Persistant,,0,,0,0,,97,CUSE,0,0,0,171,SEA,1,1,0,0,0,0,0,0,0,0,0,0,0,0,0,0,0,46.5,5,4,0,0,3125,"2026-03-11 14:25:39.098","2026-07-30 19:19:11.281",NULL,0,0,0,0,0,0,0,0,0,0,0,40,0
3126,28,"Seattle Supersonics",Keith,Phillips,C,"Rim Protector",32,29,10,,,,Iraq,0,81,247,34,40,31,43,35,36,37,31,31,31,33,32,35,D+,35,39,47,42,22,0,0,0,0,0,0,0,1,0,0,0,1,0,,,0,0,Average,"I'm the starter",,,"Center of Attention",,0,,0,0,,90,SJSU,0,0,0,171,SEA,1,0,0,0,0,0,0,0,0,0,0,0,0,0,0,0,0,20,7,6,0,0,3126,"2026-03-11 14:25:39.098","2026-07-30 19:19:11.579",NULL,0,0,0,0,0,0,0,0,0,0,0,39,0
612,28,"Seattle Supersonics",Jack,Beckmann,F,Two-Way,24,28,2,,,,Sweden,5,78,211,28,26,28,17,23,25,26,40,28,33,28,33,63,A,70,41,1,1,13,0,0,0,1,1,1,1,0,0,1,1,6,0,,,0,0,Average,Average,Average,,Average,Average,0,,0,0,,9,ARMY,0,1,31,28,"Seattle Supersonics",1,0,0,0,0,0,0,0,0,0,0,0,0,0,0,0,0,20,5,4,0,0,612,"2026-03-11 14:25:35.298","2026-07-30 19:12:54.170",NULL,0,0,0,0,0,0,0,0,0,0,0,21,0
8303,28,"Seattle Supersonics",Glen,Reid,F,"Point Forward",18,29,0,,,,Israel,5,80,219,24,27,19,12,21,19,29,27,28,29,26,30,74,B+,55,37,53,27,7,1,1,0,1,0,1,1,1,0,1,1,8,0,,,0,0,Average,"Hometown hero",Legacy,,"Center of Attention",Average,0,,0,0,,179,"Zamalek BC",268,2,17,28,"Seattle Supersonics",1,0,0,0,0,0,0,0,0,0,0,1,1,1,0,0,0,0.7,7,2,0,0,8303,"2026-03-11 14:25:42.819","2026-09-01 19:38:45.950",NULL,0,0,0,0,0,0,0,0,0,0,0,20,0
1922,28,"Seattle Supersonics",Hipolito,Lerma,C,"Rim Protector",26,28,3,,,,Chile,3,84,257,26,36,17,11,22,21,14,30,27,34,30,43,74,D+,27,46,58,68,13,0,0,1,1,0,0,0,0,0,0,1,3,0,,,0,0,Average,Average,Average,,"Film Room Genius",Average,0,,0,0,,118,UTAH,0,0,0,0,,1,0,0,0,0,0,0,0,0,0,0,0,0,0,0,0,0,10,5,4,0,0,1922,"2026-03-11 14:25:38.274","2026-07-30 19:17:19.153",NULL,0,0,0,0,0,0,0,0,0,0,0,24,0
3209,28,"Seattle Supersonics",Wayne,Howard,G,"Combo Guard",30,30,8,,,,Germany,0,75,207,33,36,26,38,30,32,39,27,35,32,35,35,58,B-,58,48,73,63,25,0,0,0,0,0,1,0,0,0,0,0,1,0,,,0,0,Average,Average,,,"Trolls on Discord",,28,SEA,0,0,,118,UTAH,0,0,0,171,SEA,1,0,0,0,0,0,0,0,0,0,0,0,0,0,0,0,0,20,6,5,0,0,3209,"2026-03-11 14:25:39.098","2026-07-30 19:19:29.184",NULL,0,0,0,0,0,0,0,0,0,0,0,30,0
651,28,"Seattle Supersonics",Jorge,Gomez,C,"Post Scorer",24,27,1,"Lake City","South Central Calhoun",IA,USA,3,84,270,20,44,2,19,3,20,15,40,17,24,19,18,71,A+,87,38,1,1,0,1,0,0,0,0,0,0,0,0,1,0,2,0,,,0,0,Perfectionist,Average,Average,,Average,Average,0,,0,0,,12,BAYL,0,2,48,28,"Seattle Supersonics",1,0,0,0,0,0,0,0,0,0,0,0,0,0,0,0,0,20,0,0,0,0,651,"2026-03-11 14:25:35.298","2026-07-30 19:13:02.511",NULL,0,0,0,0,0,0,0,0,0,0,0,29,0
165,28,SEA,Aaron,Perry,F,Swingman,26,30,3,,,,Serbia,2,77,229,28,18,33,30,33,26,20,17,31,29,29,42,86,B,55,41,68,27,21,0,1,1,1,0,0,0,0,0,0,1,4,0,,,0,0,Introvert,Average,Average,,Average,"Less likely to get academic probation",0,,0,0,,136,GEOT,0,0,0,0,,1,0,0,0,0,0,0,0,0,0,0,1,0,0,0,0,0,1.7,4,3,0,0,165,"2026-03-11 14:25:34.683","2026-09-19 16:00:27.356",NULL,0,0,0,0,0,0,0,0,0,0,0,27,0
689,28,"Seattle Supersonics",Christopher,Nettnin,C,"Post Scorer",24,29,1,,,,Germany,4,85,245,26,33,16,17,27,21,23,28,31,33,29,34,82,B-,58,41,1,1,0,1,0,0,1,1,1,1,0,0,0,0,5,0,,,0,0,Average,Average,Average,,"Footwork king",Average,0,,0,0,,15,BGSU,0,1,16,28,"Seattle Supersonics",1,0,0,0,0,0,0,0,0,0,0,0,0,0,0,0,0,20,0,0,0,0,689,"2026-03-11 14:25:35.298","2026-07-30 19:13:09.832",NULL,0,0,0,0,0,0,0,0,0,0,0,22,0
1714,28,SEA,Lloyd,Sahr,F,"Power Forward",25,25,3,Jacksonville,Jacksonville,NC,USA,3,78,245,28,22,21,21,25,23,27,24,37,35,43,38,93,C,36,39,37,37,1,0,0,0,0,1,0,0,0,1,1,1,4,0,,,0,0,Average,Average,Average,,Average,"Skips classes often",0,,0,0,,101,TEX,0,0,0,0,,1,0,0,0,0,0,0,0,0,0,0,1,0,0,0,0,0,10,6,5,0,0,1714,"2026-03-11 14:25:37.165","2026-09-19 16:00:27.993",NULL,0,0,0,0,0,0,0,0,0,0,0,27,0
1219,28,"Seattle Supersonics",Matthew,Haas,F,All-Around,26,27,3,Pearl,Pearl,MS,USA,4,77,243,33,45,37,28,33,32,28,26,33,33,33,35,74,C,43,35,37,53,24,1,1,1,1,0,1,1,0,1,1,0,8,0,,,0,0,Average,Market-driven,Average,,Average,Tutor,0,,0,0,,60,MIST,26,1,26,28,"Seattle Supersonics",1,1,0,0,0,0,0,0,0,0,0,0,0,0,0,0,0,31,7,6,0,0,1219,"2026-03-11 14:25:36.540","2026-07-30 19:14:57.039",NULL,0,0,0,0,0,0,0,0,0,0,0,33,0
3523,28,SEA,Nathan,Wilkerson,F,Two-Way,34,30,12,,,,Mexico,0,78,252,30,36,26,28,22,28,25,33,33,36,40,31,60,B-,60,42,68,37,14,1,1,1,1,1,0,0,0,0,0,0,5,0,,,0,0,Average,Average,,,Average,,32,WAS,0,0,,0,Slovenia,0,0,0,163,NYK,1,0,0,0,0,0,0,0,0,0,0,1,0,0,1,0,0,2.5,4,3,0,0,3523,"2026-03-11 14:25:39.715","2026-09-19 16:00:24.315",NULL,0,0,0,0,0,0,0,0,0,0,0,31,0
214,28,"Seattle Supersonics",Martin,Bailey,G,3-and-D,27,26,5,,,,Canada,0,76,206,34,29,39,49,40,34,36,26,30,27,25,35,75,A-,75,45,73,42,19,0,0,0,0,0,0,0,0,1,0,0,1,0,,,0,0,Reliable,"Drafted team discount",,,"Focuses on Max Reps",,0,,0,0,,43,IAST,0,0,0,171,SEA,1,1,0,0,0,0,0,0,0,0,0,0,0,0,0,0,0,31,3,2,0,0,214,"2026-03-11 14:25:34.683","2026-07-30 19:11:49.339",NULL,0,0,0,0,0,0,0,0,0,0,0,33,0
1763,28,SEA,Gregory,Ford,G,"Point Guard",26,26,3,,,,Russia,2,71,183,26,16,30,34,39,27,24,9,27,20,20,37,71,A+,92,43,47,32,22,0,0,0,1,1,0,0,0,0,0,1,3,0,,,0,0,Average,Average,Average,,Average,Average,0,,0,0,,105,TLDO,0,0,0,0,,1,0,0,0,0,0,0,0,0,0,0,1,0,0,0,0,0,1.7,5,4,0,0,1763,"2026-03-11 14:25:37.165","2026-09-29 16:00:15.454",NULL,0,0,0,0,0,0,0,0,0,0,0,29,0
17,29,"Toronto Raptors",Lynwood,Funk,G,"Point Guard",27,28,5,,,,Argentina,0,76,191,28,27,18,35,32,26,33,29,31,25,25,28,62,B-,62,45,42,53,14,1,0,1,0,1,1,0,0,0,0,0,4,0,,,0,0,Disruptive,Average,,,"Footwork king",,158,MEM,0,0,,132,WICH,0,0,0,158,MEM,1,0,0,0,0,0,0,0,0,0,0,0,0,0,0,0,0,20,6,5,0,0,17,"2026-03-11 14:25:34.683","2026-07-30 19:11:05.500",NULL,0,0,0,0,0,0,0,0,0,0,0,22,0
1571,29,TOR,Paul,Iverson,F,Two-Way,26,28,3,,,,Spain,3,78,226,22,33,40,23,26,28,24,17,15,15,14,15,44,A,69,48,16,53,12,0,1,1,0,1,1,1,0,1,0,0,6,0,,,0,0,Average,Average,Average,,Average,Average,0,,0,0,,89,SDSU,0,0,0,0,,1,0,0,0,0,0,0,0,0,0,0,1,0,0,0,0,0,1.7,5,4,0,0,1571,"2026-03-11 14:25:37.165","2026-07-30 19:16:08.059",NULL,0,0,0,0,0,0,0,0,0,0,0,25,0
3365,29,TOR,Frank,King,G,Slasher,32,30,10,,,,Japan,0,76,217,36,32,35,43,37,41,44,33,39,33,33,38,60,B-,60,40,37,37,20,0,0,0,0,1,1,0,0,0,0,0,2,0,,,0,0,Perfectionist,Average,,,Average,,19,NOP,0,0,,32,FSU,0,0,0,164,OKC,1,0,0,0,0,0,0,0,0,0,0,1,0,0,0,0,0,20,7,6,0,0,3365,"2026-03-11 14:25:39.715","2026-07-30 19:19:57.266",NULL,0,0,0,0,0,0,0,0,0,0,0,36,0
8238,29,"Toronto Raptors",Robert,Watt,C,"Rim Protector",20,0,0,,,,Ukraine,4,83,259,23,21,21,18,16,21,16,33,22,29,22,30,54,C+,43,41,1,1,0,0,0,0,1,0,0,1,1,0,0,1,4,0,,,0,0,Average,Average,Average,,Average,"Wants to finish degree",0,,0,0,,37,GT,212,1,17,29,"Toronto Raptors",1,0,0,0,0,0,0,0,0,0,0,0,0,0,0,0,0,0,0,0,0,0,8238,"2026-09-01 19:38:17.489","2026-09-01 19:38:17.489",NULL,0,0,0,0,0,0,0,0,0,0,0,30,0
2100,29,TOR,Seamus,Stebenne,C,"Post Scorer",24,30,1,,,,Austria,3,82,248,23,34,3,20,10,20,15,46,24,36,15,36,100,C,32,44,1,1,0,0,0,0,1,0,0,1,0,0,0,1,3,0,,,0,0,Average,"Will eventually play for LeBron",Average,,Average,"Never Studies",0,,0,0,,140,DPU,0,0,0,0,,1,0,0,0,1,0,0,0,0,0,0,1,0,0,0,0,0,20,7,3,0,0,2100,"2026-03-11 14:25:38.274","2026-09-22 02:55:35.526",NULL,0,0,0,0,0,0,0,0,0,0,0,25,0
1613,29,"Toronto Raptors",John,Schroeder,F,Two-Way,26,30,3,Kearney,Kearney,NE,USA,5,78,210,30,30,32,20,30,25,28,43,29,34,29,34,59,A+,98,44,89,42,27,0,0,0,0,0,0,1,0,0,0,1,2,0,,,0,0,Average,Adversarial,Average,,"Footwork king",Distracted,0,,0,0,,93,SOCA,2,1,2,29,"Toronto Raptors",1,1,0,0,0,0,0,0,0,0,0,0,0,0,0,0,0,31,4,3,0,0,1613,"2026-03-11 14:25:37.165","2026-07-30 19:16:16.333",NULL,0,0,0,0,0,0,0,0,0,0,0,33,0
118,29,TOR,Amos,Quinn,G,"Point Guard",24,24,2,,,,Lithuania,4,75,200,27,15,40,22,48,23,20,25,23,27,21,33,86,C+,47,40,1,1,3,0,1,0,1,0,1,0,0,0,0,1,4,0,,,0,0,Motivational,"Championship seeking",Average,,Average,"Never Studies",0,,0,0,,129,WISC,0,0,0,0,,1,0,0,0,0,0,0,0,0,0,0,1,0,0,0,0,0,10,6,5,0,0,118,"2026-03-11 14:25:34.683","2026-07-30 19:11:27.424",NULL,0,0,0,0,0,0,0,0,0,0,0,32,0
1153,29,"Toronto Raptors",Yin,Nguyen,G,Slasher,25,26,2,Brandon,"Brandon Valley",SD,USA,4,72,199,27,20,40,36,42,33,40,18,26,17,15,23,93,A,77,28,1,1,14,0,1,1,1,0,1,0,1,1,0,0,6,0,,,0,0,Disloyal,Average,Average,,Average,Average,0,,0,0,,54,MRSH,0,1,6,29,"Toronto Raptors",1,0,0,0,0,0,0,0,0,0,0,0,0,0,0,0,0,20,7,6,0,0,1153,"2026-03-11 14:25:35.918","2026-07-30 19:14:43.573",NULL,0,0,0,0,0,0,0,0,0,0,0,30,0
3207,29,TOR,Craig,Thompson,C,"Rim Protector",29,29,7,,,,Ukraine,0,85,240,33,31,37,29,26,35,39,40,35,33,29,37,43,C-,43,48,21,58,23,0,0,0,0,1,0,0,1,0,0,0,2,0,,,0,0,Average,Market-driven,,,Average,,27,"San Antonio Spurs",0,0,,0,Canada,0,0,0,170,SAS,1,0,0,0,0,0,0,0,0,0,0,1,0,0,0,0,0,20,7,6,0,0,3207,"2026-03-11 14:25:39.098","2026-09-21 16:00:19.591",NULL,0,0,0,0,0,0,0,0,0,0,0,34,0
3210,29,"Toronto Raptors",John,Hall,G,"Combo Guard",28,26,6,,,,England,0,73,210,33,38,26,46,19,34,35,34,34,35,39,33,76,A-,76,42,47,73,27,0,0,1,0,0,0,1,0,0,0,0,2,0,,,0,0,Average,"I'm the starter",,,Quiet,,0,,0,0,,94,USF,0,0,0,172,TOR,1,1,0,0,0,0,0,0,0,0,0,0,0,0,0,0,0,31,5,4,0,0,3210,"2026-03-11 14:25:39.098","2026-07-30 19:19:29.486",NULL,0,0,0,0,0,0,0,0,0,0,0,39,0
3231,29,"Toronto Raptors",Arthur,Campbell,F,Swingman,30,30,8,,,,"South Sudan",0,78,226,34,34,29,38,29,33,31,35,37,36,35,38,45,C,45,48,47,42,22,0,0,1,0,0,0,0,0,0,0,1,2,0,,,0,0,Average,Average,,,Average,,29,TOR,0,0,,106,TROY,0,0,0,172,TOR,1,0,0,0,0,0,0,0,0,0,0,0,0,0,0,0,0,20,4,3,0,0,3231,"2026-03-11 14:25:39.098","2026-07-30 19:19:33.935",NULL,0,0,0,0,0,0,0,0,0,0,0,34,0
1192,29,"Toronto Raptors",Steven,Cox,G,"Point Guard",26,30,3,Quakertown,Quakertown,PA,USA,3,71,200,29,15,30,27,33,28,40,16,34,24,30,32,78,B,51,38,37,79,14,0,0,0,1,0,1,0,1,0,1,1,5,0,,,0,0,Average,Average,Average,,Average,Average,0,,0,0,,58,MIAO,39,2,39,29,"Toronto Raptors",1,0,0,0,0,0,0,0,0,0,0,0,0,0,0,1,0,20,4,3,0,0,1192,"2026-03-11 14:25:36.540","2026-07-30 19:14:50.910",NULL,0,0,0,0,0,0,0,0,0,0,0,23,0
9398,29,"Toronto Raptors",Paul,Morrow,G,3-and-D,21,25,2,,,,Denmark,4,75,193,21,11,26,6,19,17,18,29,24,28,31,28,47,D+,53,44,11,16,2,1,1,0,0,1,0,1,0,0,1,1,6,0,,,0,0,Relaxed,Average,Average,,Average,Average,0,,0,0,,156,"BC Lulea",185,2,45,29,"Toronto Raptors",1,0,0,0,1,0,0,0,0,0,0,1,1,1,0,0,0,1.6,7,2,0,0,9398,"2026-03-11 14:25:47.200","2026-09-20 00:49:57.367",NULL,0,0,0,0,0,0,0,0,0,0,0,18,0
204,29,"Toronto Raptors",Lawrence,Baker,C,"Post Scorer",26,27,5,,,,Kosovo,0,82,268,28,23,24,38,28,27,24,33,29,32,33,29,65,B,65,48,53,73,21,0,0,0,0,1,0,0,1,0,0,0,2,0,,,0,0,Average,Average,,,Average,,0,,0,0,,137,SBON,0,0,0,172,TOR,1,0,0,0,0,0,0,0,0,0,0,0,0,0,0,0,0,10,6,5,0,0,204,"2026-03-11 14:25:34.683","2026-07-30 19:11:47.536",NULL,0,0,0,0,0,0,0,0,0,0,0,28,0
1484,29,"Toronto Raptors",Jonathan,Mikols,G,"Combo Guard",25,30,2,Torrington,Torrington,WY,USA,4,70,198,29,24,25,43,30,32,41,22,28,21,28,19,75,A+,82,34,1,1,23,0,0,1,0,0,1,0,0,0,0,0,2,0,,,0,0,Reliable,"Highest bidder",Average,,Average,Average,0,,0,0,,81,MISS,0,1,13,29,"Toronto Raptors",1,0,0,0,0,0,0,0,0,0,0,0,0,0,0,0,0,20,4,3,0,0,1484,"2026-03-11 14:25:36.540","2026-07-30 19:15:51.094",NULL,0,0,0,0,0,0,0,0,0,0,0,28,0
1258,29,TOR,Gerald,Brown,C,"Stretch Center",26,30,3,Culpeper,"Eastern View",VA,USA,4,85,257,25,23,16,7,20,18,28,32,34,35,34,37,44,A+,76,48,47,63,23,0,0,0,0,1,1,0,1,0,0,1,4,0,,,0,0,Average,Average,Average,,Average,Average,21,"Oklahoma City Thunder",0,0,,63,MSST,0,0,0,0,,1,0,0,0,0,0,0,0,0,0,0,0,0,0,0,0,0,10,4,3,0,0,1258,"2026-03-11 14:25:36.540","2026-07-30 19:15:05.000",NULL,0,0,0,0,0,0,0,0,0,0,0,19,0
3332,30,"Utah Jazz",Brad,Swanson,F,Swingman,31,26,9,,,,Latvia,0,80,249,31,27,28,32,44,30,33,29,31,31,34,28,72,B+,72,42,79,89,7,0,0,0,0,1,0,0,0,0,0,0,1,0,,,0,0,Average,Average,,,Average,,19,NOP,0,0,,44,KANS,0,0,0,164,OKC,1,0,0,0,0,0,0,0,0,0,0,0,0,0,0,0,0,10,7,6,0,0,3332,"2026-03-11 14:25:39.715","2026-07-30 19:19:50.672",NULL,0,0,0,0,0,0,0,0,0,0,0,32,0
12,30,UTA,Leonardo,Fredrickson,F,"Point Forward",25,29,1,Puyallup,Puyallup,WA,USA,2,77,232,22,29,31,21,23,19,11,33,19,23,19,18,92,A-,80,46,1,1,0,1,1,1,0,1,0,1,0,0,0,1,6,0,,,0,0,Reserved,"I'm the starter","Prefers to play in a different state",,Complacent,Tutor,18,"Minnesota Timberwolves",0,0,,131,UMBC,0,2,37,18,"Minnesota Timberwolves",1,0,0,0,1,0,0,0,0,0,0,0,0,0,0,0,0,10,0,0,0,0,12,"2026-03-11 14:25:34.683","2026-10-01 23:47:51.869",NULL,0,0,0,0,0,0,0,0,0,0,0,28,0
813,30,"Utah Jazz",John,Rooks,F,Two-Way,25,30,3,"Oregon City","Oregon City",OR,USA,4,79,228,25,30,20,28,24,26,21,27,21,27,31,23,59,B,64,38,47,84,8,0,0,1,0,0,1,0,0,0,1,0,3,0,,,0,0,Average,Average,Average,,Average,Average,0,,0,0,,26,DUKE,0,0,0,0,,1,0,0,0,1,0,0,0,0,0,0,0,0,0,0,0,0,10,6,5,0,0,813,"2026-03-11 14:25:35.918","2026-10-02 22:57:12.003",NULL,0,0,0,0,0,0,0,0,0,0,0,26,0
10047,30,"Utah Jazz",Sarunporn,Losatapornpipit,G,"Combo Guard",23,25,2,,,,Thailand,1,71,196,19,14,11,22,16,13,9,48,19,30,16,27,99,A+,49,44,32,42,3,0,0,0,0,0,0,1,1,1,0,1,4,0,,,0,0,Average,Average,Average,,Average,Tutor,0,,0,0,,65,"Ryukyu Golden Kings",179,2,60,30,"Utah Jazz",1,0,0,0,1,0,0,0,0,0,0,1,1,1,0,0,0,1.6,7,2,0,0,10047,"2026-03-11 14:25:48.840","2026-10-01 23:47:18.978",NULL,0,0,0,0,0,0,0,0,0,0,0,17,0
1352,30,"Utah Jazz",Michael,Simpson,F,Two-Way,26,29,3,,,,Israel,3,78,229,25,35,22,10,19,24,36,33,28,28,22,26,74,B,69,45,73,47,19,1,0,0,0,0,1,0,0,1,1,1,5,0,,,0,0,Relaxed,"Wants extensions",Average,,Average,Average,0,,0,0,,71,UNC,33,2,33,30,"Utah Jazz",1,0,0,0,0,1,0,0,0,0,0,0,0,0,0,1,0,20,7,6,0,0,1352,"2026-03-11 14:25:36.540","2026-10-01 23:48:05.825",NULL,0,0,0,0,0,0,0,0,0,0,0,25,0
3400,30,UTA,Richard,Patterson,G,"Shooting Guard",34,29,12,,,,Andorra,0,74,205,30,36,23,27,32,29,29,31,32,32,32,35,48,C,48,37,27,73,16,0,0,0,0,1,0,0,0,0,1,0,2,0,,,0,0,Average,Average,,,Average,,0,,0,0,,34,UGA,0,0,0,172,TOR,1,0,0,0,0,0,0,0,0,0,0,1,0,0,1,0,0,2.5,5,4,0,0,3400,"2026-03-11 14:25:39.715","2026-09-19 16:00:23.620",NULL,0,0,0,0,0,0,0,0,0,0,0,29,0
330,30,UTA,Darin,Bowman,G,Slasher,27,28,5,,,,Spain,0,76,189,33,31,35,50,39,40,40,24,33,27,29,27,98,A+,98,41,63,73,17,0,0,1,0,0,0,0,0,1,0,0,2,0,,,0,0,Average,Average,,,Average,,0,,0,0,,1,USAF,0,0,0,148,CHA,1,1,0,0,0,0,0,0,0,0,0,1,0,0,0,0,0,31,7,6,0,0,330,"2026-03-11 14:25:34.683","2026-09-15 16:00:08.518",NULL,0,0,0,0,0,0,0,0,0,0,0,37,0
851,30,"Utah Jazz",Michael,Hart,C,"Post Scorer",26,28,3,Lincoln,Lincoln,NE,USA,4,85,245,29,33,24,21,23,23,30,40,27,33,29,33,77,A+,89,47,37,42,17,0,0,0,0,1,1,1,1,1,0,1,6,0,,,0,0,Average,"Money motivated",Multi-Sport,,Average,Average,0,,0,0,,29,FIU,0,0,0,0,,1,1,0,0,0,0,0,0,0,0,0,0,0,0,0,0,0,31,5,4,0,0,851,"2026-03-11 14:25:35.918","2026-07-30 19:13:42.360",NULL,0,0,0,0,0,0,0,0,0,0,0,27,0
8801,30,UTA,Darius,Gagys,F,"Small Forward",18,25,0,,,,Latvia,4,80,218,21,14,15,25,18,21,30,26,24,19,11,28,62,B-,71,38,42,37,1,0,1,1,1,0,1,1,0,1,0,1,7,0,,,0,0,Outgoing,Average,Average,,Average,Average,0,,0,0,,158,"BC Budivelnyk",0,0,0,0,,1,0,0,0,1,0,0,0,0,0,0,1,1,1,0,0,0,0.7,7,3,0,0,8801,"2026-03-11 14:25:44.066","2026-10-01 23:47:31.426",NULL,0,0,0,0,0,0,0,0,0,0,0,23,0
1891,30,"Utah Jazz",Don,Burtner,G,"Combo Guard",24,27,1,Harrison,Harrison,AR,USA,3,70,201,27,30,25,36,21,30,30,5,32,21,32,29,94,C,36,34,1,1,0,1,0,1,0,0,0,0,1,1,1,1,6,0,,,0,0,Selfish,"Drafted team discount",Average,,"Film Room Genius",Average,0,,0,0,,115,USC,0,1,28,30,"Utah Jazz",1,0,0,0,0,0,0,0,0,0,0,0,0,0,0,0,0,10,0,0,0,0,1891,"2026-03-11 14:25:38.274","2026-10-02 23:09:07.972",NULL,0,0,0,0,0,0,0,0,0,0,0,23,0
3428,30,"Utah Jazz",Melvin,Kim,G,"Shooting Guard",32,28,10,,,,Tunisia,0,72,208,36,42,36,42,28,40,36,29,39,36,41,32,83,A,83,32,32,58,10,0,1,0,0,1,0,0,1,0,0,0,3,0,,,0,0,Average,Average,,,Average,,0,,0,0,,126,WVU,0,0,0,174,UTA,1,0,0,0,0,0,0,0,0,0,0,0,0,0,0,0,0,20,5,4,0,0,3428,"2026-03-11 14:25:39.715","2026-07-30 19:20:04.906",NULL,0,0,0,0,0,0,0,0,0,0,0,34,0
3437,30,UTA,John,Cook,C,"Rim Protector",33,30,11,,,,Cameroon,0,81,266,32,30,33,31,33,33,37,30,35,31,32,34,39,C-,39,38,53,32,11,0,0,0,0,0,0,0,0,0,0,0,0,0,,,0,0,Average,Loyal,,,Average,,0,,0,0,,124,WASH,0,0,0,166,PHI,1,0,0,0,0,0,0,0,0,0,0,1,0,0,0,0,0,2.5,5,4,0,0,3437,"2026-03-11 14:25:39.715","2026-09-14 16:00:16.366",NULL,0,0,0,0,0,0,0,0,0,0,0,32,0
2429,30,"Utah Jazz",Travis,Sullivan,F,Two-Way,25,30,3,,,,Turkey,4,79,207,31,23,21,25,27,28,40,33,40,36,34,39,97,B-,48,38,42,58,9,0,0,0,0,1,1,0,0,0,1,1,4,0,,,0,0,Average,Average,Average,,Average,Average,0,,0,0,,203,PEPP,0,0,0,0,,1,1,0,0,0,0,0,0,0,0,0,0,0,0,0,0,0,31,4,3,0,0,2429,"2026-03-11 14:25:39.098","2026-07-30 19:18:58.437",NULL,0,0,0,0,0,0,0,0,0,0,0,33,0
2190,30,UTA,Carlos,Guerrero,G,"Combo Guard",23,0,0,Scarborough,Scarborough,ME,USA,3,74,190,21,10,20,17,33,22,44,10,29,14,13,21,98,C,41,40,1,1,0,0,0,0,1,0,1,0,0,0,0,0,2,0,,,0,0,Average,Average,Average,,Average,Average,0,,0,0,,184,FOR,0,0,0,0,,1,0,0,0,1,0,0,0,0,0,0,1,0,0,0,0,0,0.7,7,3,0,0,2190,"2026-09-01 19:42:34.631","2026-10-01 23:47:36.748",NULL,0,0,0,0,0,0,0,0,0,0,0,22,0
11923,30,"Utah Jazz",Vương,Thai,C,"Post Scorer",19,29,0,,,,Vietnam,5,81,245,21,30,16,3,11,19,30,28,26,23,28,20,67,C+,60,28,42,27,4,1,0,0,0,0,1,1,1,1,1,0,6,0,,,0,0,Average,"Hometown hero",Average,,Average,Average,0,,0,0,,170,"Da Nang",243,2,23,30,"Utah Jazz",1,0,0,0,1,0,0,0,0,0,0,0,1,1,0,0,0,0.7,7,4,0,0,11923,"2026-03-11 14:25:50.719","2026-10-01 23:47:27.893",NULL,0,0,0,0,0,0,0,0,0,0,0,16,0
2199,30,UTA,Jay,Gu,F,Two-Way,24,26,1,Windsor,Windsor,CT,USA,3,80,230,23,13,21,9,35,15,21,28,24,30,23,35,63,A-,71,35,1,1,0,0,0,0,1,0,0,1,1,0,1,1,5,0,,,0,0,Average,"Highest bidder",Average,,Average,Average,0,,0,0,,185,GMU,0,0,0,0,,1,0,0,0,1,0,0,0,0,0,0,1,0,0,0,0,0,10,7,3,0,0,2199,"2026-03-11 14:25:38.274","2026-10-01 23:47:58.404",NULL,0,0,0,0,0,0,0,0,0,0,0,24,0
2469,30,"Utah Jazz",Justin,Brunner,G,"Combo Guard",25,30,2,Kettering,Fairmont,OH,USA,4,75,194,24,22,26,35,28,26,30,10,24,17,19,29,46,B-,44,35,1,1,16,0,0,1,0,0,0,1,0,0,1,1,4,0,,,0,0,"Absent Minded",Average,Average,,Average,Average,0,,0,0,,206,HALL,0,1,30,30,"Utah Jazz",1,0,0,0,1,0,0,0,0,0,0,0,0,0,0,0,0,1.6,4,3,0,0,2469,"2026-03-11 14:25:39.098","2026-10-01 23:48:12.836",NULL,0,0,0,0,0,0,0,0,0,0,0,24,0
688,30,UTA,William,Edgemon,G,"Point Guard",25,25,3,,,,Greece,4,75,209,29,27,27,22,30,27,35,20,34,27,38,34,82,F,18,41,16,79,4,0,1,0,1,1,0,1,0,1,1,1,7,0,,,0,0,Introvert,Average,Average,,Average,Average,0,,0,0,,15,BGSU,0,0,0,0,,1,0,0,0,0,0,0,0,0,0,0,1,0,0,0,0,0,20,7,6,0,0,688,"2026-03-11 14:25:35.298","2026-07-30 19:13:09.541",NULL,0,0,0,0,0,0,0,0,0,0,0,30,0
3250,30,"Utah Jazz",Henry,Miller,G,"Combo Guard",29,25,7,,,,Slovenia,0,75,185,33,31,32,37,29,35,38,33,32,31,38,26,46,C,46,39,73,37,14,1,0,1,1,0,0,0,0,0,0,0,3,0,,,0,0,Perfectionist,Adversarial,,,Persistant,,0,,0,0,,112,CONN,0,0,0,174,UTA,1,0,0,0,0,0,0,0,0,0,0,0,0,0,0,0,0,20,7,6,0,0,3250,"2026-03-11 14:25:39.098","2026-07-30 19:19:36.852",NULL,0,0,0,0,0,0,0,0,0,0,0,33,1
704,30,UTA,Stephen,Kelley,F,"Point Forward",24,26,1,Collinsville,"West Lauderdale",MS,USA,3,78,214,23,35,29,18,25,24,16,16,21,22,24,24,82,A+,93,43,1,1,0,0,0,0,0,0,0,0,0,0,0,0,0,0,,,0,0,Average,Average,"Prefers to play in a different state",,"Streams too much","Didn't come here to play school",0,,0,0,,16,BUFF,0,0,0,0,,1,0,0,0,1,0,0,0,0,0,0,1,0,0,0,0,0,10,7,4,0,0,704,"2026-03-11 14:25:35.298","2026-10-01 23:48:16.316",NULL,0,0,0,0,0,0,0,0,0,0,0,29,0
3539,30,UTA,Porfirio,Gunn,G,"Combo Guard",34,30,12,,,,"Ivory Coast",0,74,220,32,43,34,29,32,35,32,38,29,29,21,33,98,A+,98,39,37,63,16,0,0,0,0,0,0,0,1,0,0,0,1,0,,,0,0,Average,Average,,,Persistant,,22,ORL,0,0,,98,TCU,0,0,0,175,VAN,1,0,0,0,0,0,0,0,0,0,0,1,0,0,1,0,0,2.5,4,3,0,0,3539,"2026-03-11 14:25:39.715","2026-09-19 16:00:21.313",NULL,0,0,0,0,0,0,0,0,0,0,0,29,0
7139,30,UTA,Benas,Dominyko,G,"Shooting Guard",22,25,2,,,,Lithuania,5,70,211,22,30,18,12,23,23,38,32,22,22,7,24,81,A,8,42,42,42,11,1,0,0,1,0,1,1,1,0,0,0,5,0,,,0,0,Average,Average,"Prefers to play for a team where he can start immediately",,Average,"Naturally book smart",0,,0,0,,47,Zalgiris,0,0,0,0,,1,0,0,0,1,0,0,0,0,0,0,1,1,1,0,0,0,10,7,6,0,0,7139,"2026-03-11 14:25:42.819","2026-10-01 23:47:43.114",NULL,0,0,0,0,0,0,0,0,0,0,0,25,0
3302,30,UTA,Craig,Alexander,F,Swingman,33,28,11,,,,Mexico,0,78,216,31,33,27,32,29,36,37,22,36,31,27,33,52,C+,52,37,47,11,17,0,0,0,0,0,0,1,1,0,0,0,2,0,,,0,0,Relaxed,Average,,,Lazy,,19,"New Orleans Pelicans",0,0,,0,Canada,0,0,0,162,NOP,1,0,0,0,0,0,0,0,0,0,0,1,0,0,0,0,0,2.5,4,3,0,0,3302,"2026-03-11 14:25:39.715","2026-09-26 16:00:12.762",NULL,0,0,0,0,0,0,0,0,0,0,0,30,0
2284,30,"Utah Jazz",Christian,Babcock,C,"Post Scorer",26,26,3,"East Hartford","East Hartford",CT,USA,4,85,241,31,28,30,23,26,23,21,43,31,43,38,40,91,C,30,38,37,42,27,0,1,0,0,1,0,1,0,1,1,1,6,0,,,0,0,Average,Average,"Prefers to play with former teammates",,Average,Average,0,,0,0,,192,SLU,5,1,5,30,"Utah Jazz",1,1,0,0,0,0,0,0,0,0,0,0,0,0,0,0,0,31,4,3,0,0,2284,"2026-03-11 14:25:39.098","2026-07-30 19:18:28.767",NULL,0,0,0,0,0,0,0,0,0,0,0,27,0
2315,31,"Vancouver Sea Lions",Peter,Armitage,C,"Rim Protector",24,29,3,Spanaway,Bethel,WA,USA,4,83,261,26,38,20,20,24,23,21,30,29,29,22,38,92,A,85,35,73,37,11,0,0,0,0,1,0,0,0,1,0,0,2,0,,,0,0,Paranoid,Average,"Prefers to play for a specific coach",,Average,Average,0,,0,0,,194,CREI,0,0,0,0,,1,0,0,0,0,0,0,0,0,0,0,0,0,0,0,0,0,10,6,5,0,0,2315,"2026-03-11 14:25:39.098","2026-07-30 19:18:35.587",NULL,0,0,0,0,0,0,0,0,0,0,0,37,0
3348,31,"Vancouver Sea Lions",Elbert,Armstrong,F,"Point Forward",29,29,7,,,,Rwanda,0,80,220,32,36,27,38,21,37,39,35,33,30,30,27,60,B-,60,48,63,58,19,1,0,0,0,1,0,1,1,0,0,0,4,0,,,0,0,Average,Average,,,Average,,31,VAN,0,0,,0,Australia,0,0,0,148,CHA,1,0,0,0,0,0,0,0,0,0,0,0,0,0,0,0,0,20,5,4,0,0,3348,"2026-03-11 14:25:39.715","2026-07-30 19:19:53.651",NULL,0,0,0,0,0,0,0,0,0,0,0,32,0
789,31,"Vancouver Sea Lions",Frederick,Taylor,C,"Stretch Center",26,29,3,"Rochester Hills",Rochester,MI,USA,4,81,234,28,31,25,15,26,31,41,31,34,26,23,32,63,A,77,37,68,21,17,0,1,0,1,0,1,0,0,0,0,0,3,0,,,0,0,Average,"Wants extensions",Average,,Average,Average,0,,0,0,,23,CCU,32,1,32,31,"Vancouver Sea Lions",1,0,0,0,0,0,0,0,0,0,0,0,0,0,0,0,0,20,7,6,0,0,789,"2026-03-11 14:25:35.298","2026-07-30 19:13:29.997",NULL,0,0,0,0,0,0,0,0,0,0,0,15,0
1305,31,"Vancouver Sea Lions",Randall,Shanks,C,"Rim Protector",23,0,0,Meridian,"Rocky Mountain",ID,USA,3,85,227,21,17,8,22,2,18,20,20,31,29,42,27,93,A,74,39,1,1,0,0,0,0,0,0,1,0,0,0,1,0,2,0,,,0,0,Average,Average,Average,,"Working-Class mentality",Average,0,,0,0,,66,NCST,274,2,26,31,"Vancouver Sea Lions",1,0,0,0,0,0,0,0,0,0,0,0,0,0,0,0,0,0,0,0,0,0,1305,"2026-09-01 19:38:53.839","2026-09-01 19:38:53.839",NULL,0,0,0,0,0,0,0,0,0,0,0,27,0
3104,31,"Vancouver Sea Lions",Giovanni,Giorgio,F,"Power Forward",22,0,0,,,,Italy,4,79,228,23,17,19,10,30,17,12,30,23,32,34,28,80,B,50,41,1,1,0,0,0,0,0,0,0,0,0,1,1,0,2,0,,,0,0,Focused,Loyal,"Prefers to play for a team with a rich history",,Hard-working,"Seeks out tutoring",0,,0,0,,92,USA,272,2,8,31,"Vancouver Sea Lions",1,0,0,0,0,0,0,0,0,0,0,0,0,0,0,0,0,0,0,0,0,0,3104,"2026-09-01 19:38:37.670","2026-09-01 19:38:37.670",NULL,0,0,0,0,0,0,0,0,0,0,0,26,0
6958,31,"Vancouver Sea Lions",Chuan-kwang,Yang,G,"Point Guard",21,0,0,,,,Taiwan,5,73,205,23,32,20,31,18,25,25,30,21,21,24,17,68,A-,68,40,1,1,0,0,0,1,0,0,0,1,0,0,0,0,2,0,,,0,0,"Book Worm",Loyal,"Prefers to play for a specific coach",,Hard-working,"Values academics",0,,0,0,,118,UTAH,242,1,24,31,"Vancouver Sea Lions",1,0,0,0,0,0,0,0,0,0,0,0,0,0,0,0,0,0,0,0,0,0,6958,"2026-09-01 19:38:23.545","2026-09-01 19:38:23.545",NULL,0,0,0,0,0,0,0,0,0,0,0,24,0
2352,31,"Vancouver Sea Lions",William,Smith,G,"Combo Guard",25,24,2,Trenton,Edgewood,OH,USA,4,70,206,27,21,26,27,34,25,27,26,27,28,30,27,68,C+,34,43,1,1,19,0,0,0,1,1,0,1,0,0,1,0,4,0,,,0,0,Average,Market-driven,Average,,Persistant,Average,0,,0,0,,197,SJU,0,2,52,31,"Vancouver Sea Lions",1,0,0,0,0,0,0,0,0,0,0,0,0,0,0,1,0,10,6,5,0,0,2352,"2026-03-11 14:25:39.098","2026-07-30 19:18:42.983",NULL,0,0,0,0,0,0,0,0,0,0,0,27,0
3138,31,"Vancouver Sea Lions",Jamel,Bacon,C,"Post Scorer",33,30,11,,,,France,0,82,253,41,41,41,41,50,42,44,47,41,42,30,40,46,C,46,37,47,63,20,0,0,1,0,1,0,1,0,0,1,0,4,0,,,0,0,Average,Average,,,Average,,31,VAN,0,0,,3,BAMA,0,0,0,175,VAN,1,1,1,0,0,0,0,0,0,0,0,0,0,0,0,0,0,54.25,3,2,0,0,3138,"2026-03-11 14:25:39.098","2026-07-30 19:19:15.144",NULL,0,0,0,0,0,0,0,0,0,0,0,32,0
3149,31,"Vancouver Sea Lions",Lazaro,Pringle,F,"Power Forward",31,29,9,,,,Spain,0,77,228,39,50,33,42,44,39,42,36,39,37,41,34,67,B,67,48,37,53,26,0,0,1,0,0,1,0,0,0,0,0,2,0,,,0,0,Average,Average,,,Average,,0,,0,0,,112,CONN,0,0,0,175,VAN,1,1,1,0,0,0,0,0,0,0,0,0,0,0,0,0,0,46.5,3,2,0,0,3149,"2026-03-11 14:25:39.098","2026-07-30 19:19:17.780",NULL,0,0,0,0,0,0,0,0,0,0,0,44,0
1102,31,"Vancouver Sea Lions",Oswaldo,Reyes,F,"Point Forward",26,26,3,Middletown,Middletown,OH,USA,4,80,240,26,30,38,14,35,23,18,36,22,31,23,25,51,A+,97,37,42,53,25,0,1,0,1,0,0,0,0,0,0,0,2,0,,,0,0,Average,Average,"Prefers to play for an up-and-coming team",,Average,Average,0,,0,0,,50,ULM,0,0,0,0,,1,0,0,0,0,0,0,0,0,0,0,0,0,0,0,0,0,10,6,5,0,0,1102,"2026-03-11 14:25:35.918","2026-07-30 19:14:32.923",NULL,0,0,0,0,0,0,0,0,0,0,0,32,0
1128,31,"Vancouver Sea Lions",Ping,Kim,G,"Combo Guard",26,27,3,,,,Vietnam,2,71,214,25,16,32,29,27,26,31,27,22,23,13,30,69,A+,77,40,37,37,22,0,1,0,0,0,0,1,0,0,0,1,3,0,,,0,0,Irrational,Average,"Prefers to play in a different state",,Average,Average,0,,0,0,,52,LOU,0,0,0,0,,1,0,0,0,0,0,0,0,0,0,0,0,0,0,0,0,0,10,5,4,0,0,1128,"2026-03-11 14:25:35.918","2026-07-30 19:14:38.271",NULL,0,0,0,0,0,0,0,0,0,0,0,20,0
1395,31,"Vancouver Sea Lions",Kenneth,Hughes,F,"Point Forward",25,26,3,,,,Sweden,4,78,240,28,32,27,10,33,22,28,28,31,31,30,34,78,A+,80,41,42,42,8,1,1,0,1,1,0,0,0,0,0,1,5,0,,,0,0,Frail,Average,Fanboy,,Average,Average,0,,0,0,,74,NW,0,0,0,0,,1,0,0,0,0,0,0,0,0,0,0,0,0,0,0,0,0,20,6,5,0,0,1395,"2026-03-11 14:25:36.540","2026-07-30 19:15:33.224",NULL,0,0,0,0,0,0,0,0,0,0,0,22,0
3443,31,"Vancouver Sea Lions",Merrill,Reis,G,"Point Guard",28,25,6,,,,"South Korea",0,76,171,27,25,29,15,30,26,28,29,29,30,25,34,66,B,66,37,37,16,25,0,1,0,0,1,0,1,0,0,0,0,3,0,,,0,0,Average,Average,,,"Center of Attention",,0,,0,0,,42,IOWA,0,0,0,175,VAN,1,0,0,0,0,0,0,0,0,0,0,0,0,0,0,0,0,10,6,5,0,0,3443,"2026-03-11 14:25:39.715","2026-07-30 19:20:07.842",NULL,0,0,0,0,0,0,0,0,0,0,0,26,0
904,31,"Vancouver Sea Lions",Jason,Witucki,F,Two-Way,25,26,2,,,,USA,4,77,236,24,28,31,4,30,19,20,25,25,28,17,40,89,C+,44,41,1,1,17,0,0,0,0,1,0,0,0,1,0,1,3,0,,,0,0,Average,Average,Average,,"Track Athlete",Average,0,,0,0,,33,FRES,0,1,25,31,"Vancouver Sea Lions",1,0,0,0,0,0,0,0,0,0,0,0,0,0,0,0,0,10,4,3,0,0,904,"2026-03-11 14:25:35.918","2026-07-30 19:13:53.240",NULL,0,0,0,0,0,0,0,0,0,0,0,34,0
1683,31,"Vancouver Sea Lions",Man,Lee,C,"Post Scorer",25,28,3,,,,Japan,4,85,280,24,30,20,16,20,19,10,31,23,32,33,32,92,A,64,44,27,58,12,0,0,0,0,0,0,0,0,0,0,0,0,0,,,0,0,Average,Loyal,Average,,"Gym Rat",Average,0,,0,0,,98,TCU,0,0,0,0,,1,0,0,0,0,0,0,0,0,0,0,0,0,0,0,0,0,1.7,7,6,0,0,1683,"2026-03-11 14:25:37.165","2026-07-30 19:16:31.050",NULL,0,0,0,0,0,0,0,0,0,0,0,22,0
3265,31,"Vancouver Sea Lions",Aldo,Beckham,G,3-and-D,32,28,10,,,,Argentina,0,70,198,35,34,33,39,34,35,35,40,36,33,34,33,49,C,49,41,53,42,15,0,0,0,0,1,0,0,1,0,0,0,2,0,,,0,0,Average,Average,,,Average,,0,,0,0,,7,ARK,0,0,0,175,VAN,1,0,0,0,0,0,0,0,0,0,0,0,0,0,0,0,0,20,6,5,0,0,3265,"2026-03-11 14:25:39.098","2026-07-30 19:19:39.507",NULL,0,0,0,0,0,0,0,0,0,0,0,37,0
1218,31,"Vancouver Sea Lions",George,Hwang,G,"Combo Guard",26,29,3,Canton,Canton,SD,USA,4,71,188,29,25,31,28,30,30,42,27,30,28,29,19,60,C,41,38,63,11,12,0,0,0,0,0,1,1,0,0,1,0,3,0,,,0,0,Dramatic,Market-driven,Average,,Average,Average,0,,0,0,,60,MIST,64,2,64,31,"Vancouver Sea Lions",1,0,0,0,0,0,0,0,0,0,0,0,0,0,0,1,0,20,7,6,0,0,1218,"2026-03-11 14:25:36.540","2026-07-30 19:14:56.752",NULL,0,0,0,0,0,0,0,0,0,0,0,27,0
980,31,"Vancouver Sea Lions",Kevin,Judy,C,"Rim Protector",26,30,3,Broomfield,Legacy,CO,USA,2,83,235,25,44,15,20,19,25,21,33,25,27,25,23,80,A+,88,39,37,58,14,1,0,0,0,0,0,1,0,0,0,0,2,0,,,0,0,Average,Average,Average,,Average,Average,0,,0,0,,39,UHOU,0,0,0,0,,1,0,0,0,0,0,0,0,0,0,0,0,0,0,0,0,0,20,7,6,0,0,980,"2026-03-11 14:25:35.918","2026-07-30 19:14:08.889",NULL,0,0,0,0,0,0,0,0,0,0,0,27,0
1576,32,"Washington Wizards",Rudy,Foy,G,"Point Guard",24,29,1,Bluefield,Bluefield,WV,USA,3,70,197,23,20,22,28,25,22,20,24,26,25,20,30,80,A+,86,48,1,1,0,0,1,0,1,1,0,1,1,1,1,1,8,0,,,0,0,Average,"Championship seeking","Prefers to play for an up-and-coming team",,Average,"Naturally book smart",0,,0,0,,89,SDSU,0,2,57,32,"Washington Wizards",1,0,0,0,0,0,0,0,0,0,0,0,0,0,0,0,0,10,0,0,0,0,1576,"2026-03-11 14:25:37.165","2026-07-30 19:16:09.557",NULL,0,0,0,0,0,0,0,0,0,0,0,23,0
2099,32,"Washington Wizards",Anthony,Holmes,G,"Shooting Guard",23,0,0,"St. Johnsbury","St. Johnsbury Academy",VT,USA,4,74,197,24,20,30,31,25,29,35,12,24,16,21,23,84,A+,100,31,1,1,0,0,0,0,0,0,0,0,0,0,0,0,0,0,,,0,0,Average,Average,Average,,Average,"Teacher's Pet",0,,0,0,,140,DPU,259,2,1,32,"Washington Wizards",1,0,0,0,0,0,0,0,0,0,0,0,0,0,0,0,0,0,0,0,0,0,2099,"2026-09-01 19:38:31.459","2026-09-01 19:38:31.459",NULL,0,0,0,0,0,0,0,0,0,0,0,22,0
2365,32,"Washington Wizards",Brian,Bennett,G,"Combo Guard",25,27,2,Jonesborough,"David Crockett",TN,USA,3,70,183,29,20,40,39,29,36,34,25,30,24,28,19,95,C+,49,32,1,1,21,0,1,1,0,0,1,1,1,0,1,0,6,0,,,0,0,Average,Average,"Prefers to play for a national championship contender",,Lazy,Average,0,,0,0,,198,VILL,0,1,12,32,"Washington Wizards",1,1,0,0,0,0,0,0,0,0,0,0,0,0,0,0,0,31,6,5,0,0,2365,"2026-03-11 14:25:39.098","2026-07-30 19:18:45.307",NULL,0,0,0,0,0,0,0,0,0,0,0,21,0
3158,32,WAS,Ed,Lowe,G,"Combo Guard",32,25,10,,,,Iran,0,74,210,31,29,29,35,34,32,27,42,27,32,32,27,83,A,83,29,73,27,13,0,0,0,1,0,1,0,0,0,0,0,2,0,,,0,0,Introvert,"I'm the starter",,,Average,,30,"Utah Jazz",0,0,,125,WAST,0,0,0,174,UTA,1,0,0,0,0,0,0,0,0,0,0,1,0,0,0,0,0,2.5,4,3,0,0,3158,"2026-03-11 14:25:39.098","2026-09-23 16:00:09.908",NULL,0,0,0,0,0,0,0,0,0,0,0,38,0
1652,32,"Washington Wizards",Nigel,Hall,F,Two-Way,26,27,3,,,,DRC,4,79,226,30,29,39,15,33,25,23,41,30,36,27,36,87,C,28,41,37,53,25,0,1,0,0,0,0,1,1,0,0,1,4,0,,,0,0,Average,"Hates Tags",Average,,Average,Average,0,,0,0,,96,STAN,17,1,17,32,"Washington Wizards",1,1,0,0,0,0,0,0,0,0,0,0,0,0,0,0,0,31,6,5,0,0,1652,"2026-03-11 14:25:37.165","2026-07-30 19:16:24.260",NULL,0,0,0,0,0,0,0,0,0,0,0,34,0
2421,32,"Washington Wizards",Kenneth,Nito,C,"Stretch Center",23,0,0,Emmaus,Emmaus,PA,USA,4,85,270,23,22,19,30,14,24,24,26,24,24,16,33,82,D,23,44,1,1,0,0,0,1,0,1,0,0,0,0,0,1,3,0,,,0,0,Average,"Hates Tags",Average,,Average,"Class Clown",0,,0,0,,202,PAC,227,1,2,32,"Washington Wizards",1,0,0,0,0,0,0,0,0,0,0,0,0,0,0,0,0,0,0,0,0,0,2421,"2026-09-01 19:38:04.422","2026-09-01 19:38:04.422",NULL,0,0,0,0,0,0,0,0,0,0,0,18,0
8615,32,"Washington Wizards",Timothee,Jean,F,"Power Forward",23,26,2,,,,France,3,79,226,21,25,9,10,41,23,36,21,23,19,14,34,67,B+,50,48,73,42,7,1,0,0,1,0,1,1,0,0,0,1,5,0,,,0,0,Relaxed,Average,Average,,Average,"Has other priorities",0,,0,0,,46,"Real Madrid",195,2,35,32,"Washington Wizards",1,0,0,0,0,0,0,0,0,0,0,1,1,1,0,0,0,10,7,3,0,0,8615,"2026-03-11 14:25:44.066","2026-07-30 19:28:18.891",NULL,0,0,0,0,0,0,0,0,0,0,0,22,0
1723,32,WAS,Madhavi,Dinh,C,"Rim Protector",26,30,3,Danvers,"St. John's Prep",MA,USA,3,82,257,26,22,14,17,11,19,18,39,29,39,31,49,88,B+,62,41,58,42,15,0,0,0,0,1,1,0,0,1,0,1,4,0,,,0,0,Tough,Average,Average,,Average,Average,0,,0,0,,102,TAMU,0,0,0,0,,1,0,0,0,0,0,0,0,0,0,0,1,0,0,0,0,0,10,7,6,0,0,1723,"2026-03-11 14:25:37.165","2026-09-23 16:02:31.670",NULL,0,0,0,0,0,0,0,0,0,0,0,25,0
1470,32,WAS,Thomas,Hassler,G,3-and-D,26,30,3,Conway,Conway,SC,USA,3,75,179,30,18,33,44,34,33,35,22,31,23,20,35,87,A-,71,39,27,53,16,0,0,1,1,1,0,1,1,0,0,1,6,0,,,0,0,Average,Average,Average,,Average,"Values academics",12,"Indiana Pacers",0,0,,80,ODU,76,2,76,12,"Indiana Pacers",1,0,0,0,0,0,0,0,0,0,0,1,0,0,0,0,0,20,5,4,0,0,1470,"2026-03-11 14:25:36.540","2026-09-23 16:00:15.561",NULL,0,0,0,0,0,0,0,0,0,0,0,31,0
3264,32,WAS,Carlos,Gonzales,F,Two-Way,33,28,11,,,,Cyprus,0,78,220,31,41,40,39,22,35,29,30,30,29,18,39,68,B,68,36,27,63,15,0,0,0,1,0,0,0,1,1,1,0,4,0,,,0,0,Eccentric,Average,,,Average,,0,,0,0,,96,STAN,0,0,0,172,TOR,1,0,0,0,0,0,0,0,0,0,0,1,0,0,0,0,0,2.5,5,4,0,0,3264,"2026-03-11 14:25:39.098","2026-09-23 16:00:11.130",NULL,0,0,0,0,0,0,0,0,0,0,0,28,0
211,32,"Washington Wizards",Everett,Ryan,F,All-Around,24,28,1,,,,USA,4,79,232,27,31,30,23,23,31,31,38,25,26,20,23,93,B+,67,48,1,1,0,1,1,0,1,0,1,1,0,0,1,1,7,0,,,0,0,Average,Loyal,Average,,"Center of Attention",Average,0,,0,0,,137,SBON,0,1,2,32,"Washington Wizards",1,0,0,0,0,0,0,0,0,0,0,0,0,0,0,0,0,20,0,0,0,0,211,"2026-03-11 14:25:34.683","2026-07-30 19:11:49.044",NULL,0,0,0,0,0,0,0,0,0,0,0,28,0
8933,32,"Washington Wizards",Steven,Ball,C,"Rim Protector",23,25,2,,,,"New Zealand",3,82,242,26,24,21,29,40,21,15,33,23,27,31,20,99,A+,52,38,58,68,5,0,0,1,1,0,0,1,0,0,1,0,4,0,,,0,0,Average,"Hometown hero",Average,,Average,Average,0,,0,0,,128,"Real Esteli",178,1,25,32,"Washington Wizards",1,0,0,0,0,0,0,0,0,0,0,1,1,1,0,0,0,20,7,5,0,0,8933,"2026-03-11 14:25:45.117","2026-07-30 19:29:52.739",NULL,0,0,0,0,0,0,0,0,0,0,0,25,0
3572,32,WAS,Dennis,Manning,F,"Point Forward",30,30,8,,,,"Ivory Coast",0,79,241,30,34,35,42,20,34,28,34,26,30,34,20,80,A-,80,45,73,42,21,1,1,1,0,0,0,0,0,1,0,0,4,0,,,0,0,Irrational,Average,,,Average,,2,BKN,0,0,,132,WICH,0,0,0,158,MEM,1,0,0,0,0,0,0,0,0,0,0,1,0,0,0,0,0,10,5,4,0,0,3572,"2026-03-11 14:25:39.715","2026-09-23 16:00:18.173",NULL,0,0,0,0,0,0,0,0,0,0,0,39,0
